﻿<?xml version="1.0" encoding="utf-8"?>
<ShamanHealSettings>
  <SavedToFile>False</SavedToFile>
  <HealingSurgeAdjusted>False</HealingSurgeAdjusted>
  <HealingWave>70</HealingWave>
  <ChainHeal>92</ChainHeal>
  <HealingRain>91</HealingRain>
  <GreaterHealingWave>60</GreaterHealingWave>
  <Ascendance>45</Ascendance>
  <HealingSurge>16</HealingSurge>
  <AncestralSwiftness>15</AncestralSwiftness>
  <SpiritLinkTotem>48</SpiritLinkTotem>
  <HealingStreamTotem>95</HealingStreamTotem>
  <HealingTideTotem>70</HealingTideTotem>
  <RollRiptideCount>4</RollRiptideCount>
  <MinHealingRainCount>4</MinHealingRainCount>
  <MinChainHealCount>3</MinChainHealCount>
  <MinHealingTideCount>4</MinHealingTideCount>
  <MinSpiritLinkCount>1</MinSpiritLinkCount>
  <MinAscendanceCount>3</MinAscendanceCount>
</ShamanHealSettings>