﻿<ForceMail>
  <!-- ForceMail element
     A somewhat complete list of items with that a user typically wishes to mail.
     We recommend that you use Notepad++ (http://notepad-plus-plus.org) to edit XML
     as proper colorization greatly aids in the location of problems.

     If you decide you don't need certain sections of this file, we recommend you comment them
     out, rather than actually delete the lines.  We've tried to keep the items in each subsection
     sorted appropriately, such that commenting out is easy to do.  Please recall that XML does
     *not* allow nesting comments.
    
   Latest copy of this Profile is available at:
       http://www.thebuddyforum.com/mediawiki/index.php?title=Honorbuddy:_A_prototypical_ForceMail_Element
   
   LICENSE:
      This Buddy Wiki contribution from Bossland GmbH is licensed under
           the Creative Commons Attribution-NonCommercial-ShareAlike 3.0 Unported License.  
      To view a copy of this license, visit http://creativecommons.org/licenses/by-nc-sa/3.0/
      or send a letter to 
          Creative Commons, 171 Second Street, Suite 300, San Francisco, California, 94105, USA.

   Version History (reverse chronological):
       
	   v1.9,  15-Nov-2012, Tony       -Added
	                                  "Bolt of Silk Cloth"
									  "Bolt of Embersilk Cloth"
	  
	   v1.8,  2-Oct-2012, Tony      -Fixes on Cataclysm IDs and MoP rep items
	   v1.7, 26-Sep-2012, Tony      - MoP items added.
       v1.6,  8-Jun-2011, chinajade - Added 'bar form' of metals.
       v1.5,  3-May-2011, chinajade - Added Coarse Stone.  Thanks to tjwow2011
                                        for pointing it out.
       v1.4, 29-Apr-2011, chinajade - Added DeepSea Scales to leatherworking goods.
                                        Thanks to Iceoner for the save.
       v1.3,  6-Dec-2010, chinajade - copied the 'reputation' and 'minipet' items
                                        from the "Protected Items" list to "Forced Mail" list.
                                        Most people mail to banker, and then distribute
                                        reputation and minipet items to alts or Auction House.
                                        Thus, we're aligning with the way that most
                                        users protect & distribute these items.
                                        These items also remain on the "Protected Items" list
                                        to prevent the items from being sold, if a profile
                                        does not include an up-to-date <ForceMail> element.
       v1.2,  4-Dec-2010, chinajade - attempted to align with new Cataclysm items.
                                        We may have missed some things, but tried to pull
                                        as much info from sources as we could.
       v1.1,  2-Sep-2010, chinajade - somehow we got entry for Iron Ore wrong:
                                        "2772" is now correct.  We were also missing
                                        the "Elemental Earth" item.
       v1.0, 29-Aug-2010, chinajade - initial release
 -->

  <!-- ========== Harvests (alphabetically) ========== -->
  <!-- Harvests: Cloth & Spider's Silk (ordered by level, then alphabetically) -->
  <Item Name="Linen Cloth" Entry="2589" />
  <Item Name="Wool Cloth" Entry="2592" />
  <Item Name="Spider's Silk" Entry="3182" />
  <Item Name="Silk Cloth" Entry="4306" />
  <Item Name="Bolt of Silk Cloth" Entry="4305" />
  <Item Name="Bolt of Embersilk Cloth" Entry="53643" />
  <Item Name="Thick Spider's Silk" Entry="4337" />
  <Item Name="Mageweave Cloth" Entry="4338" />
  <Item Name="Shadow Silk" Entry="10285" />
  <Item Name="Felcloth" Entry="14256" />
  <Item Name="Ironweb Spider Silk" Entry="14227" />
  <Item Name="Runecloth" Entry="14047" />
  <Item Name="Mooncloth" Entry="14342" />
  <Item Name="Netherweave Cloth" Entry="21877" />
  <Item Name="Netherweb Spider Silk" Entry="21881" />
  <Item Name="Primal Mooncloth" Entry="21845" />
  <Item Name="Frostweave Cloth" Entry="33470" />
  <Item Name="Shadowcloth" Entry="24272" />
  <Item Name="Spellcloth" Entry="24271" />
  <Item Name="Iceweb Spider Silk" Entry="42253" />
  <Item Name="Ebonweave" Entry="41593" />
  <Item Name="Moonshroud" Entry="41594" />
  <Item Name="Spellweave" Entry="41595" />
  <Item Name="Embersilk Cloth" Entry="53010" />
  <Item Name="Dreamcloth" Entry="54440" />
  <Item Name="Windwool Cloth" Entry="72988" />
  <Item Name="Bolt of Windwool Cloth" Entry="82441" />
  <Item Name="Imperial Silk" Entry="82447" />

  <!-- Harvests: Elementals (ordered by level, then alphabetically) -->
  <Item Name="Elemental Air" Entry="7069" />
  <Item Name="Elemental Earth" Entry="7067" />
  <Item Name="Elemental Fire" Entry="7068" />
  <Item Name="Elemental Water" Entry="7070" />
  <Item Name="Breath of Wind" Entry="7081" />
  <Item Name="Core of Earth" Entry="7075" />
  <Item Name="Globe of Water" Entry="7079" />
  <Item Name="Heart of Fire" Entry="7077" />
  <Item Name="Heart of the Wild" Entry="10286" />
  <Item Name="Ichor of Undeath" Entry="7972" />
  <Item Name="Essence of Air" Entry="7082" />
  <Item Name="Essence of Earth" Entry="7076" />
  <Item Name="Essence of Fire" Entry="7078" />
  <Item Name="Essence of Undeath" Entry="12808" />
  <Item Name="Essence of Water" Entry="7080" />
  <Item Name="Essence of Hatred" Entry="90636" />
  <Item Name="Living Essence" Entry="12803" />
  <Item Name="Mote of Air" Entry="22572" />
  <Item Name="Mote of Earth" Entry="22573" />
  <Item Name="Mote of Fire" Entry="22574" />
  <Item Name="Mote of Life" Entry="22575" />
  <Item Name="Mote of Mana" Entry="22576" />
  <Item Name="Mote of Shadow" Entry="22577" />
  <Item Name="Mote of Water" Entry="22578" />
  <Item Name="Mote of Harmony" Entry="89112" />
  <Item Name="Primal Air" Entry="22451" />
  <Item Name="Primal Earth" Entry="22452" />
  <Item Name="Primal Fire" Entry="21884" />
  <Item Name="Primal Life" Entry="21886" />
  <Item Name="Primal Mana" Entry="22457" />
  <Item Name="Primal Shadow" Entry="22456" />
  <Item Name="Primal Water" Entry="21885" />
  <Item Name="Crystallized Air" Entry="37700" />
  <Item Name="Crystallized Earth" Entry="37701" />
  <Item Name="Crystallized Fire" Entry="37702" />
  <Item Name="Crystallized Life" Entry="37704" />
  <Item Name="Crystallized Shadow" Entry="37703" />
  <Item Name="Crystallized Water" Entry="37705" />
  <Item Name="Eternal Air" Entry="35623" />
  <Item Name="Eternal Earth" Entry="35624" />
  <Item Name="Eternal Fire" Entry="36860" />
  <Item Name="Eternal Life" Entry="35625" />
  <Item Name="Eternal Might" Entry="40248" />
  <Item Name="Eternal Shadow" Entry="35627" />
  <Item Name="Eternal Water" Entry="35622" />
  <Item Name="Primal Might" Entry="23571" />
  <Item Name="Chaos Orb" Entry="52078" />
  <Item Name="Volatile Air" Entry="52328" />
  <Item Name="Volatile Earth" Entry="52327" />
  <Item Name="Volatile Fire" Entry="52325" />
  <Item Name="Volatile Life" Entry="52329" />
  <Item Name="Volatile Water" Entry="52326" />
  <Item Name="Spirit of Autumn" Entry="76060" />
  <Item Name="Spirit of Harmony" Entry="76061" />
  <Item Name="Spirit of the Season" Entry="80816" />
  <Item Name="Spirit of Spring" Entry="76059" />
  <Item Name="Spirit of Summer" Entry="76057" />
  <Item Name="Spirit of Winter" Entry="76058" />
  <Item Name="Splinter of Hate" Entry="90637" />

  <!-- Harvests: Gems (ordered by level, then alphabetically) -->
  <Item Name="Blood Shard" Entry="5075" />
  <Item Name="Malachite" Entry="774" />
  <Item Name="Tigerseye" Entry="818" />
  <Item Name="Shadowgem" Entry="1210" />
  <Item Name="Moss Agate" Entry="1206" />
  <Item Name="Lesser Moonstone" Entry="1705" />
  <Item Name="Jade" Entry="1529" />
  <Item Name="Citrine" Entry="3864" />
  <Item Name="Aquamarine" Entry="7909" />
  <Item Name="Black Diamond" Entry="11754" />
  <Item Name="Blood of the Mountain" Entry="11382" />
  <Item Name="Souldarite" Entry="19774" />
  <Item Name="Star Ruby" Entry="7910" />
  <Item Name="Blue Sapphire" Entry="12361" />
  <Item Name="Large Opal" Entry="12799" />
  <Item Name="Arcane Crystal" Entry="12363" />
  <Item Name="Azerothian Diamond" Entry="12800" />
  <Item Name="Huge Emerald" Entry="12364" />
  <Item Name="Azure Moonstone" Entry="23117" />
  <Item Name="Blood Garnet" Entry="23077" />
  <Item Name="Deep Peridot" Entry="23079" />
  <Item Name="Flame Spessarite" Entry="21929" />
  <Item Name="Golden Draenite" Entry="23112" />
  <Item Name="Shadow Draenite" Entry="23107" />
  <Item Name="Dawnstone" Entry="23440" />
  <Item Name="Living Ruby" Entry="23436" />
  <Item Name="Netherwing Egg" Entry="32506" />
  <Item Name="Nightseye" Entry="23441" />
  <Item Name="Noble Topaz" Entry="23439" />
  <Item Name="Star of Elune" Entry="23438" />
  <Item Name="Talasite" Entry="23437" />
  <Item Name="Bloodstone" Entry="36917" />
  <Item Name="Chalcedony" Entry="36923" />
  <Item Name="Dark Jade" Entry="36932" />
  <Item Name="Huge Citrine" Entry="36929" />
  <Item Name="Shadow Crystal" Entry="36926" />
  <Item Name="Sun Crystal" Entry="36920" />
  <Item Name="Autumn's Glow" Entry="36921" />
  <Item Name="Forest Emerald" Entry="36933" />
  <Item Name="Monarch Topaz" Entry="36930" />
  <Item Name="Scarlet Ruby" Entry="36918" />
  <Item Name="Sky Sapphire" Entry="36924" />
  <Item Name="Twilight Opal" Entry="36927" />
  <Item Name="Ametrine" Entry="36931" />
  <Item Name="Cardinal Ruby" Entry="36919" />
  <Item Name="Dreadstone" Entry="36928" />
  <Item Name="Eye of Zul" Entry="36934" />
  <Item Name="King's Amber" Entry="36922" />
  <Item Name="Majestic Zircon" Entry="36925" />
  <Item Name="Alicite" Entry="52179" />
  <Item Name="Carnelian" Entry="52177" />
  <Item Name="Hessonite" Entry="52181" />
  <Item Name="Jasper" Entry="52182" />
  <Item Name="Nightstone" Entry="52180" />
  <Item Name="Zephyrite" Entry="52178" />
  <Item Name="Amberjewel" Entry="52195" />
  <Item Name="Demonseye" Entry="52194" />
  <Item Name="Dream Emerald" Entry="52192" />
  <Item Name="Ember Topaz" Entry="52193" />
  <Item Name="Inferno Ruby" Entry="52190" />
  <Item Name="Ocean Sapphire" Entry="52191" />
  <Item Name="Chimera's Eye" Entry="52196" />
  <Item Name="Primordial Ruby" Entry="76131" />
  <Item Name="River's Heart" Entry="76138" />
  <Item Name="Wild Jade" Entry="76139" />
  <Item Name="Vermilion Onyx" Entry="76140" />
  <Item Name="Imperial Amethyst" Entry="76141" />
  <Item Name="Tiger Opal" Entry="76130" />
  <Item Name="Lapis Lazuli" Entry="76133" />
  <Item Name="Sunstone" Entry="76134" />
  <Item Name="Roguestone" Entry="76135" />
  <Item Name="Alexandrite" Entry="76137" />
  <Item Name="Pandarian Garnet" Entry="76136" />

  <!-- Harvests: Herbs (ordered by level) -->
  <Item Name="Bloodthistle" Entry="22710" />
  <Item Name="Peacebloom" Entry="2447" />
  <Item Name="Silverleaf" Entry="765" />
  <Item Name="Earthroot" Entry="2449" />
  <Item Name="Mageroyal" Entry="785" />
  <Item Name="Briarthorn" Entry="2450" />
  <Item Name="Swiftthistle" Entry="2452" />
  <Item Name="Bruiseweed" Entry="2453" />
  <Item Name="Stranglekelp" Entry="3820" />
  <Item Name="Grave Moss" Entry="3369" />
  <Item Name="Wild Steelbloom" Entry="3355" />
  <Item Name="Kingsblood" Entry="3356" />
  <Item Name="Liferoot" Entry="3357" />
  <Item Name="Fadeleaf" Entry="3818" />
  <Item Name="Goldthorn" Entry="3821" />
  <Item Name="Khadgar's Whisker" Entry="3358" />
  <Item Name="Wintersbite" Entry="3819" />
  <Item Name="Wildvine" Entry="8153" />
  <Item Name="Firebloom" Entry="4625" />
  <Item Name="Purple Lotus" Entry="8831" />
  <Item Name="Arthas' Tears" Entry="8836" />
  <Item Name="Sungrass" Entry="8838" />
  <Item Name="Blindweed" Entry="8839" />
  <Item Name="Ghost Mushroom" Entry="8845" />
  <Item Name="Gromsblood" Entry="8846" />
  <Item Name="Golden Sansam" Entry="13464" />
  <Item Name="Dreamfoil" Entry="13463" />
  <Item Name="Flame Cap" Entry="22788" />
  <Item Name="Mountain Silversage" Entry="13465" />
  <Item Name="Plaguebloom" Entry="13466" />
  <Item Name="Icecap" Entry="13467" />
  <Item Name="Black Lotus" Entry="13468" />
  <Item Name="Bloodvine" Entry="19726" />
  <Item Name="Dreaming Glory" Entry="22786" />
  <Item Name="Felweed" Entry="22785" />
  <Item Name="Nightmare Seed" Entry="22797" />
  <Item Name="Terocone" Entry="22789" />
  <Item Name="Ragveil" Entry="22787" />
  <Item Name="Ancient Lichen" Entry="22790" />
  <Item Name="Fel Lotus" Entry="22794" />
  <Item Name="Mana Thistle" Entry="22793" />
  <Item Name="Netherbloom" Entry="22791" />
  <Item Name="Nightmare Vine" Entry="22792" />
  <Item Name="Deadnettle" Entry="37921" />
  <Item Name="Goldclover" Entry="36901" />
  <Item Name="Talandra's Rose" Entry="36907" />
  <Item Name="Tiger Lily" Entry="36904" />
  <Item Name="Adder's Tongue" Entry="36903" />
  <Item Name="Stormvine" Entry="202748" />
  <Item Name="Lichbloom" Entry="36905" />
  <Item Name="Cinderbloom" Entry="52983" />
  <Item Name="Azshara's Veil" Entry="52985" />
  <Item Name="Icethorn" Entry="36906" />
  <Item Name="Frost Lotus" Entry="36908" />
  <Item Name="Heartblossom" Entry="52986" />
  <Item Name="Whiptail" Entry="52988" />
  <Item Name="Twilight Jasmine" Entry="52987" />
  <Item Name="Green Tea Leaf" Entry="72234" />
  <Item Name="Rain Poppy" Entry="72237" />
  <Item Name="Silkweed" Entry="72235" />
  <Item Name="Golden Lotus" Entry="72238" />
  <Item Name="Snow Lily" Entry="79010" />
  <Item Name="Fool's Cap" Entry="79011" />


  <!-- Harvests: Leather & Pelts-mainstream (ordered by level) -->
  <Item Name="Ruined Leather Scraps" Entry="2934" />
  <Item Name="Light Hide" Entry="783" />
  <Item Name="Light Leather" Entry="2318" />
  <Item Name="Medium Hide" Entry="4232" />
  <Item Name="Medium Leather" Entry="2319" />
  <Item Name="Heavy Hide" Entry="4235" />
  <Item Name="Heavy Leather" Entry="4234" />
  <Item Name="Deeprock Salt" Entry="8150" />
  <Item Name="Thick Hide" Entry="8169" />
  <Item Name="Thick Leather" Entry="4304" />
  <Item Name="Rugged Hide" Entry="8171" />
  <Item Name="Rugged Leather" Entry="8170" />
  <Item Name="Enchanted Leather" Entry="12810" />
  <Item Name="Crystal Infused Leather" Entry="25699" />
  <Item Name="Knothide Leather" Entry="21887" />
  <Item Name="Knothide Leather Scraps" Entry="25649" />
  <Item Name="Thick Clefthoof Leather" Entry="25708" />
  <Item Name="Heavy Knothide Leather" Entry="23793" />
  <Item Name="Borean Leather" Entry="33568" />
  <Item Name="Borean Leather Scraps" Entry="33567" />
  <Item Name="Arctic Fur" Entry="44128" />
  <Item Name="Heavy Borean Leather" Entry="38425" />
  <Item Name="Savage Leather" Entry="52976" />
  <Item Name="Heavy Savage Leather" Entry="56516" />
  <Item Name="Pristine Hide" Entry="52980" />
  <Item Name="Heavy Exotic Leather" Entry="80221" />
  <Item Name="Sha-Touched Leather" Entry="72162" />
  <Item Name="Exotic Leather" Entry="72120" />
  <Item Name="Magnificent Hide" Entry="72163" />

  <!-- Harvests: Leather & Pelts-exotics (ordered by level) -->
  <Item Name="Black Whelp Scale" Entry="7286" />
  <Item Name="Deviate Scale" Entry="6470" />
  <Item Name="Green Whelp Scale" Entry="7392" />
  <Item Name="Perfect Deviate Scale" Entry="6471" />
  <Item Name="Thin Kodo Leather" Entry="5082" />
  <Item Name="Slimy Murloc Scale" Entry="5784" />
  <Item Name="Raptor Hide" Entry="4461" />
  <Item Name="Thick Murloc Scale" Entry="5785" />
  <Item Name="Turtle Scale" Entry="8167" />
  <Item Name="Scorpid Scale" Entry="8154" />
  <Item Name="Worn Dragonscale" Entry="8165" />
  <Item Name="Blue Dragonscale" Entry="15415" />
  <Item Name="Devilsaur Leather" Entry="15417" />
  <Item Name="Green Dragonscale" Entry="15412" />
  <Item Name="Warbear Leather" Entry="15419" />
  <Item Name="Black Dragonscale" Entry="15416" />
  <Item Name="Heavy Scorpid Scale" Entry="15408" />
  <Item Name="Heavy Silithid Carapace" Entry="20501" />
  <Item Name="Light Silithid Carapace" Entry="20500" />
  <Item Name="Silithid Chitin" Entry="20498" />
  <Item Name="Refined Scale of Onyxia" Entry="17967" />
  <Item Name="Scale of Onyxia" Entry="15410" />
  <Item Name="Cobra Scales" Entry="29539" />
  <Item Name="Core Leather" Entry="17012" />
  <Item Name="Fel Scales" Entry="25700" />
  <Item Name="Nether Dragonscales" Entry="29548" />
  <Item Name="Primal Bat Leather" Entry="19767" />
  <Item Name="Primal Tiger Leather" Entry="19768" />
  <Item Name="Red Dragonscale" Entry="15414" />
  <Item Name="Wind Scales" Entry="29547" />
  <Item Name="Dreamscale" Entry="20381" />
  <Item Name="Fel Hide" Entry="25707" />
  <Item Name="Nerubian Chitin" Entry="38558" />
  <Item Name="Icy Dragonscale" Entry="38557" />
  <Item Name="Jormungar Scale" Entry="38561" />
  <Item Name="Blackened Dragonscale" Entry="52979" />
  <Item Name="Deepsea Scale" Entry="52982" />
  <Item Name="Prismatic Scale" Entry="79101" />

  <!-- Harvests: Ore-mainstream (ordered by level) -->
  <Item Name="Copper Ore" Entry="2770" />
  <Item Name="Tin Ore" Entry="2771" />
  <Item Name="Silver Ore" Entry="2775" />
  <Item Name="Iron Ore" Entry="2772" />
  <Item Name="Gold Ore" Entry="2776" />
  <Item Name="Mithril Ore" Entry="3858" />
  <Item Name="Truesilver Ore" Entry="7911" />
  <Item Name="Thorium Ore" Entry="10620" />
  <Item Name="Dark Iron Ore" Entry="11370" />
  <Item Name="Fel Iron Ore" Entry="23424" />
  <Item Name="Elementium Ore" Entry="18562" />
  <Item Name="Adamantite Ore" Entry="23425" />
  <Item Name="Eternium Ore" Entry="23427" />
  <Item Name="Cobalt Ore" Entry="36909" />
  <Item Name="Khorium Ore" Entry="23426" />
  <Item Name="Saronite Ore" Entry="36912" />
  <Item Name="Titanium Ore" Entry="36910" />
  <Item Name="Obsidium Ore" Entry="53038" />
  <Item Name="Elementium Ore" Entry="52185" />
  <Item Name="Pyrite Ore" Entry="52183" />
  <Item Name="Ghost Iron Ore" Entry="72092" />
  <Item Name="Black Trillium Ore" Entry="72094" />
  <Item Name="White Trillium Ore" Entry="72103" />
  <Item Name="Kyparite" Entry="72093" />

  <!-- Harvests: Ore-mainstream bar-form (ordered by level) -->
  <Item Name="Copper Bar" Entry="2840" />
  <Item Name="Tin Bar" Entry="3576" />
  <Item Name="Bronze Bar" Entry="2841" />
  <Item Name="Silver Bar" Entry="2842" />
  <Item Name="Iron Bar" Entry="3575" />
  <Item Name="Gold Bar" Entry="3577" />
  <Item Name="Steel Bar" Entry="3859" />
  <Item Name="Mithril Bar" Entry="3860" />
  <Item Name="Truesilver Bar" Entry="6037" />
  <Item Name="Thorium Bar" Entry="12359" />
  <Item Name="Dark Iron Bar" Entry="11371" />
  <Item Name="Enchanted Thorium Bar" Entry="12655" />
  <Item Name="Fel Iron Bar" Entry="23445" />
  <Item Name="Enchanted Elementium Bar" Entry="17771" />
  <Item Name="Adamantite Bar" Entry="23446" />
  <Item Name="Felsteel Bar" Entry="23448" />
  <Item Name="Cobalt Bar" Entry="36916" />
  <Item Name="Khorium Bar" Entry="23449" />
  <Item Name="Hardened Khorium Bar" Entry="35128" />
  <Item Name="Hardened Adamantite Bar" Entry="23573" />
  <Item Name="Saronite Bar" Entry="36913" />
  <Item Name="Obsidium Bar" Entry="54849" />
  <Item Name="Titanium Bar" Entry="41163" />
  <Item Name="Titansteel Bar" Entry="37663" />
  <Item Name="Elementium Bar" Entry="52186" />
  <Item Name="Hardened Elementium Bar" Entry="53039" />
  <Item Name="Pyrium Bar" Entry="51950" />
  <Item Name="Trillium Bar" Entry="72095" />
  <Item Name="Ghost Iron Bar" Entry="72096" />
  <Item Name="Heavy Ghost Iron Bar" Entry="80432" />

  <!-- Harvests: Ore-exotics (alphabetical) -->
  <Item Name="Incendite Ore" Entry="3340" />
  <Item Name="Lesser Bloodstone Ore" Entry="4278" />
  <Item Name="Nethercite Ore" Entry="32464" />
  <Item Name="Rathban Ore" Entry="2798" />

  <!-- Harvests: Stone (ordered by level) -->
  <Item Name="Rough Stone" Entry="2835" />
  <Item Name="Coarse Stone" Entry="2836" />
  <Item Name="Heavy Stone" Entry="2838" />
  <Item Name="Solid Stone" Entry="7912" />
  <Item Name="Dense Stone" Entry="12365" />


  <!-- ========== Reputation Items (alphabetical by Faction) ==========
      If you don't want these items in your backpack, we suggest setting up
      Lootfilter to delete the unwanted ones.
     -->

  <!-- Reputation: Argent Dawn (alphabetical) -->
  <Item Name="Argent Dawn Valor Token" Entry="12844" />
  <Item Name="Bone Fragments" Entry="22526" />
  <Item Name="Core of Elements" Entry="22527" />
  <Item Name="Corruptor's Scourgestone" Entry="12843" />
  <Item Name="Crypt Fiend Parts" Entry="22525" />
  <Item Name="Dark Iron Scraps" Entry="22528" />
  <Item Name="Invader's Scourgestone" Entry="12841" />
  <Item Name="Minion's Scourgestone" Entry="12840" />
  <Item Name="Savage Frond" Entry="22529" />

  <!-- Reputation: Booty Bay/Everlook/Gadgetzan/Ratchet (alphabetical) -->
  <Item Name="Miniaturization Residue" Entry="18956" />
  <Item Name="Water Elemental Core" Entry="18958" />

  <!-- Reputation: Cenarion Expedition (alphabetical) -->
  <Item Name="Coilfang Armaments" Entry="24368" />
  <Item Name="Nesingwary Lackey Ear" Entry="35188" />
  <Item Name="Uncatalogued Species" Entry="24407" />
  <Item Name="Unidentified Plant Parts" Entry="24401" />

  <!-- Reputation: Gadgetzan (alphabetical) -->
  <Item Name="Wastewander Water Pouch" Entry="8483" />

  <!-- Reputation: Lower City (alphabetical) -->
  <Item Name="Arakkoa Feather" Entry="25719" />

  <!-- Reputation: Kurenai/Mag'har (alphabetical) -->
  <Item Name="Obsidian Warbeads" Entry="25433" />

  <!-- Reputation: Netherwing (alphabetical) -->
  <Item Name="Fel Gland" Entry="32502" />
  <Item Name="Netherwing Crystal" Entry="32427" />
  <Item Name="Netherwing Egg" Entry="32506" />
  <Item Name="Netherwing Relic" Entry="32509" />
  <Item Name="Nethermine Cargo" Entry="32723" />
  <Item Name="Nethermine Flayer Hide" Entry="32470" />
  <Item Name="Nethercite Ore" Entry="32464" />
  <Item Name="Netherdust Pollen" Entry="32468" />

  <!-- Reputation: Oracles (alphabetical) -->
  <Item Name="Energized Polished Crystal" Entry="39748" />
  <Item Name="Shiny Treasures" Entry="38575" />

  <!-- Reputation: Order of the Cloud Serpent  (alphabetical) -->
  <Item Name="Onyx Egg" Entry="89155" />

  <!-- Reputation: Ravenholdt (alphabetical) -->
  <Item Name="Heavy Junkbox" Entry="16885" />
  <Item Name="Syndicate Emblem" Entry="17124" />

  <!-- Reputation: Sons of Hodir (alphabetical) -->
  <Item Name="Everfrost Chip" Entry="44724" />
  <Item Name="Everfrost Chip" Entry="44725" />
  <Item Name="Frozen Iron Scrap" Entry="42252" />
  <Item Name="Relic of Ulduar" Entry="42780" />
  <Item Name="Viscous Oil" Entry="42640" />

  <!-- Reputation: Sporeggar (alphabetical) -->
  <Item Name="Bog Lord Tendril" Entry="24291" />
  <Item Name="Fertile Spores" Entry="24449" />
  <Item Name="Glowcap" Entry="24245" />
  <Item Name="Mature Spore Sac" Entry="24290" />
  <Item Name="Sanguine Hibiscus" Entry="24246" />

  <!-- Reputation: The Aldor (alphabetical) -->
  <Item Name="Dreadfang Venom Sac" Entry="25802" />
  <Item Name="Fel Armament" Entry="29740" />
  <Item Name="Mark of Kil'jaeden" Entry="29425" />
  <Item Name="Mark of Sargeras" Entry="30809" />

  <!-- Reputation: The Consortium (alphabetical) -->
  <Item Name="Ethereum Prison Key" Entry="29460" />
  <Item Name="Ethereum Prisoner I.D. Tag" Entry="31957" />
  <Item Name="Oshu'gun Crystal Fragment" Entry="25416" />
  <Item Name="Pair of Ivory Tusks" Entry="25463" />
  <Item Name="Zaxxis Insignia" Entry="29209" />

  <!-- Reputation: The Scryers (alphabetical) -->
  <Item Name="Arcane Tome" Entry="29739" />
  <Item Name="Dampscale Basilisk Eye" Entry="25744" />
  <Item Name="Firewing Signet" Entry="29426" />
  <Item Name="Sunfury Signet" Entry="30810" />

  <!-- Reputation: Thorium Brotherhood (alphabetical) -->
  <Item Name="Blood of the Mountain" Entry="11382" />
  <Item Name="Core Leather" Entry="17012" />
  <Item Name="Dark Iron Ore" Entry="11370" />
  <Item Name="Dark Iron Residue" Entry="18945" />
  <Item Name="Fiery Core" Entry="17010" />
  <Item Name="Incendosaur Scale" Entry="18944" />
  <Item Name="Lava Core" Entry="17011" />

  <!-- Reputation: Timbermaw Hold (alphabetical) -->
  <Item Name="Deadwood Headdress Feather" Entry="21377" />
  <Item Name="Winterfall Spirit Beads" Entry="21383" />

  <!-- Reputation: Zandalar Tribe (alphabetical) -->
  <Item Name="Arcanum of Focus" Entry="18330" />
  <Item Name="Arcanum of Protection" Entry="18331" />
  <Item Name="Arcanum of Rapidity" Entry="18329" />
  <Item Name="Bloodscalp Coin" Entry="19706" />
  <Item Name="Gurubashi Coin" Entry="19701" />
  <Item Name="Hakkari Coin" Entry="19700" />
  <Item Name="Primal Hakkari Idol" Entry="22637" />
  <Item Name="Razzashi Coin" Entry="19699" />
  <Item Name="Sandfury Coin" Entry="19704" />
  <Item Name="Skullsplitter Coin" Entry="19705" />
  <Item Name="Vilebranch Coin" Entry="19702" />
  <Item Name="Witherbark Coin" Entry="19703" />
  <Item Name="Zandalar Honor Token" Entry="19858" />
  <Item Name="Zulian Coin" Entry="19698" />

  <!-- Reputation: Wintersaber Trainers (alphabetical) -->
  <Item Name="Shardtooth Meat" Entry="12622" />
  <Item Name="Chillwind Meat" Entry="12623" />


  <!-- ========== Valuable (farmed) MiniPets (alphabetical) ========== -->
  <Item Name="Azure Whelpling" Entry="34535" />
  <Item Name="Captured Firefly" Entry="29960" />
  <Item Name="Cat Carrier (Black Tabby)" Entry="8491" />
  <Item Name="Cat Carrier (Siamese)" Entry="8490" />
  <Item Name="Cat Carrier (White Kitten)" Entry="8489" />
  <Item Name="Cracked Egg" Entry="39883" />
  <Item Name="Dark Whelpling" Entry="10822" />
  <Item Name="Darting Hatchling" Entry="48112" />
  <Item Name="Deviate Hatchling" Entry="48114" />
  <Item Name="Disgusting Oozeling" Entry="20769" />
  <Item Name="Leaping Hatchling" Entry="48118" />
  <Item Name="Mysterious Egg" Entry="39878" />
  <Item Name="Parrot Cage (Green Wing Macaw)" Entry="8492" />
  <Item Name="Parrot Cage (Hyacinth Macaw)" Entry="8494" />
  <Item Name="Ravasaur Hatchling" Entry="48122" />
  <Item Name="Razormaw Hatchling" Entry="48124" />
  <Item Name="Razzashi Hatchling" Entry="48126" />
  <Item Name="Tiny Crimson Whelpling" Entry="8499" />
  <Item Name="Thundering Serpent Hatchling" Entry="85513" />
  <Item Name="Fox Kit" Entry="90897" />
  <Item Name="Fox Kit" Entry="90898" />
  <Item Name="Mechanical Pandaren Dragonling" Entry="87526" />
  <Item Name="Jade Crane Chick" Entry="88148" />
  <Item Name="Terrible Turnip" Entry="85220" />
  <Item Name="Red Cricket" Entry="85222" />
  <Item Name="Tiny Goldfish" Entry="85447" />
  <Item Name="Feral Vermling" Entry="85578" />
  <Item Name="Lucky Quilen Cub" Entry="85871" />
  <Item Name="Porcupette" Entry="89587" />
  <Item Name="Jade Tentacle" Entry="89686" />
  <Item Name="Venus" Entry="89736" />
  <Item Name="Pandaren Water Spirit" Entry="90173" />
  <Item Name="Baneling" Entry="90177" />
  <Item Name="Darkmoon Rabbit" Entry="80008" />
  <Item Name="Sapphire Cub" Entry="82775" />
  <Item Name="Fishy" Entry="84105" />
  <Item Name="Yu'lon Kite" Entry="89367" />
  <Item Name="Chi-ji Kite" Entry="89368" />
  <Item Name="Jade Owl" Entry="82774" />
  <Item Name="Hopling" Entry="86562" />
  <Item Name="Hollow Reed" Entry="86563" />
  <Item Name="Imbued Jade Fragment" Entry="86564" />
  <Item Name="Singing Cricket Cage" Entry="88147" />
  <Item Name="Spectral Tiger Cub" Entry="90953" />
</ForceMail>
