﻿<ProtectedItems>
    <!-- ProtectedItems element
    A somewhat complete list of items with which to populate your "Protected Items.xml" file.
	We recommend that you use Notepad++ (http://notepad-plus-plus.org) to edit XML
	as proper colorization greatly aids in the location of problems.
   
	If you decide you don't need certain sections of this file, we recommend you comment them
	out, rather than actually delete the lines.  We've tried to keep the items in each subsection
	sorted appropriately, such that commenting out is easy to do.  Please recall that XML does
	*not* allow nesting comments.
   
	LICENSE:
		This Buddy Wiki contribution from Bossland GmbH is licensed under
			the Creative Commons Attribution-NonCommercial-ShareAlike 3.0 Unported License.  
		To view a copy of this license, visit http://creativecommons.org/licenses/by-nc-sa/3.0/
		or send a letter to 
			Creative Commons, 171 Second Street, Suite 300, San Francisco, California, 94105, USA.
   
	Version History (reverse chronological):
	   v1.17  25-May-2013, chinajade -	Added Pigments
	   v1.16  24-May-2013, chinajade - 	Updated cooking ingredients.
										More reorganization.
       v1.15, 23-May-2013, chinajade - 	Added Grummlepack, and some cooking ingredients.
										Deleted a number of entries that are no longer in-game.
										Slight reorganization.
	   v1.14,  15-Nov-2012,   Tony   - Added
	                                   "Bolt of Silk Cloth"
									   "Bolt of Embersilk Cloth"
	                                   "Gyromatic Micro-Adjustor"
                                       "Arclight Spanner"
									   "Living Steel"
	   v1.13,  2-Oct-2012,   Tony    -Fixes on Cataclysm IDs and MoP rep items
	   
	   v1.12, 25-Sep-2012,   Tony    -MOP items added
	   
	   v1.11, 8-Jun-2011, chinajade -	Wow, what an oversight!  All these months
										and nobody mentioned that metal bars were missing.
										Now repaired.
       v1.10, 22-May-2011, chinajade - Added Mysterious Egg and Cracked Egg.
                                      Thanks to Kickazz006 for pointing out the omission.
       v1.9,  3-May-2011, chinajade - Added Coarse Stone.  Thanks go to tjwow2011
                                      for pointing it out the omission.  Also, removed
                                      mage conjured items, as Honorbuddy
                                      automatically protects these now.
       v1.8, 29-Apr-2011, chinajade - Added DeepSea Scales to leatherworking goods.
                                      Thanks to Iceoner for the save.
       v1.7, 18-Jan-2011, bobby53   - added Archaeology keystones.  Protected 
                                      against vendoring due to value in leveling 
                                      Archaeology as well as on the AH
       v1.6, 16-Dec-2010, chinajade - added Tabards.
                                      Tabards are not a mistake, as many yield reputation
                                      boosts.  If they are in our backpack, its because
                                      we've taken the trouble to acquire them.
                                      We don't want Honorbuddy selling them off.
       v1.5,  7-Dec-2010, chinajade - added all Harvests as ProtectedItems.
                                      If a Profile Writer fails to include a current
                                      <ForceMail> block, we prefer the valuable Harvests to
                                      clog our backpack instead of being sold by Honorbuddy.
                                      Recall that if an item is on both the <ProtectedItems>
                                      list and <ForceMail> list, Honorbuddy will mail
                                      the item.  Thus, putting the items on this list
                                      is the conservative thing to do.
       v1.4,  4-Dec-2010, chinajade - attempted to align with new Cata items.
                                      We may have missed some things, but tried to pull as much
                                      info from sources as we could.
       v1.3, 28-Nov-2010, Kickazz006 - removed the "Basic Items: Ammo, Arrows" section
                                      as these items are no longer useful, and we sure
                                      don't want the stuff clogging our inventory.
       v1.2, 20-Sep-2010, chinajade - added items that advance reputation with factions
                                      (like Obsidian Warbeads, Deadwood Headdress Feathers,
                                      etc).  Also, added farmed Minipets.  Did all this in
                                      case a Profile forgets to include some important
                                      stuff in the ProtectedItems or ForcedMail lists.
                                      If the user doesn't want these items, its easy 
                                      enough to add them to LootFilter.
       v1.1,  7-Sep-2010, chinajade - added "Simple Wood" since some people use it 
                                      to start cooking fires
       v1.0, 29-Aug-2010, chinajade - initial release
   -->

	<!-- NB: If an item is Bind-On-Pickup, it should *not* be listed in this file -->
  
	<!-- ========== Basic Items (alphabetically) ========== -->
	<Item Name="Hearthstone" Entry="6948" />

	<!-- Basic Items: Bandages (ordered by skill to make) -->
	<Item Name="Linen Bandage" Entry="1251" />
	<Item Name="Heavy Linen Bandage" Entry="2581" />
	<Item Name="Wool Bandage" Entry="3530" />
	<Item Name="Heavy Wool Bandage" Entry="3531" />
	<Item Name="Silk Bandage" Entry="6450" />
	<Item Name="Heavy Silk Bandage" Entry="6451" />
		<Item Name="Arathi Basin Silk Bandage" Entry="20067" />
		<Item Name="Defiler's Silk Bandage" Entry="20235" />
		<Item Name="Highlander's Silk Bandage" Entry="20244" />
		<Item Name="Warsong Gulch Silk Bandage" Entry="19068" />
	<Item Name="Mageweave Bandage" Entry="8544" />
	<Item Name="Heavy Mageweave Bandage" Entry="8545" />
		<Item Name="Arathi Basin Mageweave Bandage" Entry="20065" />
		<Item Name="Defiler's Mageweave Bandage" Entry="20232" />
		<Item Name="Highlander's Mageweave Bandage" Entry="20237" />
		<Item Name="Warsong Gulch Mageweave Bandage" Entry="19067" />
	<Item Name="Runecloth Bandage" Entry="14529" />
	<Item Name="Heavy Runecloth Bandage" Entry="14530" />
		<Item Name="Alterac Heavy Runecloth Bandage" Entry="19307" />
		<Item Name="Arathi Basin Runecloth Bandage" Entry="20066" />
		<Item Name="Defiler's Runecloth Bandage" Entry="20234" />
		<Item Name="Highlander's Runecloth Bandage" Entry="20243" />
		<Item Name="Warsong Gulch Runecloth Bandage" Entry="19066" />
	<Item Name="Netherweave Bandage" Entry="21990" />
	<Item Name="Heavy Netherweave Bandage" Entry="21991" />
	<Item Name="Frostweave Bandage" Entry="34721" />
	<Item Name="Heavy Frostweave Bandage" Entry="34722" />
	<Item Name="Baradin's Wardens Bandage" Entry="63391" />
	<Item Name="Hellscream's Reach Bandage" Entry="64995" />
	<Item Name="Embersilk Bandage" Entry="53049" />
	<Item Name="Heavy Embersilk Bandage" Entry="53050" />
	<Item Name="Dense Embersilk Bandage" Entry="53051" />
	<Item Name="Windwool Bandage" Entry="72985" />
	<Item Name="Heavy Windwool Bandage" Entry="72986" />
  
	<!-- Basic Items: Containers (BoE or unbound only; ordered by size) -->
	<!-- 16 slots -->
	<Item Name="Mooncloth Bag" Entry="14155" />
	<Item Name="Felcloth Bag" Entry="21341" />
	<Item Name="Imbued Netherweave Bag" Entry="21843" />
	<!-- 18 slots -->
	<Item Name="Bottomless Bag" Entry="14156" />
	<Item Name="Core Felcloth Bag" Entry="21342" />
	<!-- 20 slots -->
	<Item Name="Frostweave Bag" Entry="41599" />
	<Item Name="Quiver of a Thousand Feathers" Entry="34105" />
	<Item Name="Primal Mooncloth Bag" Entry="21876" />
	<Item Name="Ebon Shadowbag" Entry="21872" />
	<!-- 22 slots -->
	<Item Name="Embersilk Bag" Entry="54443" />
	<Item Name="Glacial Bag" Entry="41600" />
	<Item Name="Abyssal Bag" Entry="41597" />
	<Item Name="&quot;Gigantique&quot; Bag" Entry="38082" />
	<!-- 24 slots -->
	<Item Name="Grummlepack" Entry="88397" /> <!-- quest reward, *not* BoP -->
	<Item Name="Portable Hole" Entry="51809" />
	<!-- 26 slots -->
	<Item Name="Illusionary Bag" Entry="54444" />
	<!-- 28 slots -->
	<Item Name="Royal Satchel" Entry="82446" />
	
	<!-- Basic Items: Drink (ordered by level) -->
	<!-- There are far too many drink items to list them all, and most are never used.
         We only list the 'mainstream' items here, sorted by level.  If a "Stat food" is
         needed, please place it in the "Basic Items: Drink & Food with Stats (ordered by level)"
         section below.
         We keep the food & drink sections separated, as warrior and rogues
         could care less about drinks, and healing classes could care less about food.
         -->
	<Item Name="Refreshing Spring Water" Entry="159" />
	<Item Name="Ice Cold Milk" Entry="1179" />
	<Item Name="Melon Juice" Entry="1205" />
	<Item Name="Sweet Nectar" Entry="1708" />
	<Item Name="Moonberry Juice" Entry="1645" />
	<Item Name="Morning Glory Dew" Entry="8766" />
	<!-- iLevel:55 4200/30sec -->
	<Item Name="Star's Lament" Entry="32455" /> 
		<Item Name="Footman's Waterskin" Entry="24007" />
		<Item Name="Grunt's Waterskin" Entry="24006" />
	<Item Name="Filtered Draenic Water" Entry="28399" />
	<!-- iLevel:65 7200/30sec -->
	<Item Name="Purified Draenic Water" Entry="27860" /> 
		<Item Name="Star's Tears" Entry="32453" />
		<Item Name="Sweetened Goat's Milk" Entry="35954" />
	<Item Name="Pungent Seal Whey" Entry="33444" />
	<Item Name="Honeymint Tea" Entry="33445" />
	<!-- iLevel:80 45000/30sec -->
	<Item Name="Greasy Whale Milk" Entry="59029" />		
		<Item Name="Sparkling Oasis Water" Entry="58256" /> 
	<!-- iLevel:85 96000/30sec -->
	<Item Name="Highland Spring Water" Entry="58257" /> 
		<Item Name="Mei's Masterful Brew" Entry="63251" />
	<!-- iLevel:85 200000/20sec -->
	<Item Name="Carbonated Water" Entry="81924" />		
		<Item Name="Cup of Kafa" Entry="88578" />
		<Item Name="Viseclaw Soup" Entry="85501" />
	<!-- iLevel:85 300000/20sec -->
	<Item Name="Cobo Cola" Entry="81923" /> 			
		<Item Name="Golden Carp Consomme" Entry="74636" />
		<Item Name="Lotus Water" Entry="88532" /> 

	<!-- Basic Items: Drink & Food with Stats (ordered by level to use) -->
	<Item Name="Enriched Manna Biscuit" Entry="13724" />
	<Item Name="Alterac Manna Biscuit" Entry="19301" />
	<Item Name="Fisherman's Feast" Entry="33052" />
	<Item Name="Fish Feast" Entry="43015" />
		<Item Name="Jillian's Gourmet Fish Feast" Entry="45279" /> <!-- available on PTR only -->

	<!-- Basic Items: Food  (ordered by level) -->
	<!-- There are far too many food items to list them all, and most are never used.
         We only list the 'mainstream' items here, sorted by level.  If a "Stat food" is
         needed, please place it in the "Basic Items: Drink & Food with Stats (ordered by level)"
         section.
         We keep the food & drink sections separated, as warrior and rogues
         could care less about drinks, and healing classes could care less about food.
         -->
	<!-- iLevel:1 -->
	<Item Name="Shiny Red Apple" Entry="4536" />
		<Item Name="Tough Hunk of Bread" Entry="4540" />
		<Item Name="Tough Jerky" Entry="117" />
	<!-- iLevel:5 -->
	<Item Name="Freshly Baked Bread" Entry="4541" />
		<Item Name="Haunch of Meat" Entry="2287" />
		<Item Name="Tel'Abim Banana" Entry="4537" />
	<!-- iLevel:15 -->
	<Item Name="Moist Cornbread" Entry="4542" />
		<Item Name="Mutton Chop" Entry="3770" />
		<Item Name="Snapvine Watermelon" Entry="4538" />
	<!-- iLevel:25 -->
	<Item Name="Goldenbark Apple" Entry="4539" />
		<Item Name="Mulgore Spice Bread" Entry="4544" />
		<Item Name="Wild Hog Shank" Entry="3771" />
		<Item Name="Hot Wolf Ribs" Entry="13851" />
	<!-- iLevel:35 -->
	<Item Name="Cured Ham Steak" Entry="4599" />
		<Item Name="Moon Harvest Pumpkin" Entry="4602" />
		<Item Name="Soft Banana Bread" Entry="4601" />
	<!-- iLevel:45 -->
	<Item Name="Alterac Swiss" Entry="8932" />
		<Item Name="Deep Fried Plantains" Entry="8953" />
		<Item Name="Homemade Cherry Pie" Entry="8950" />
		<Item Name="Roasted Quail" Entry="8952" />
	<!-- iLevel:55 -->
	<Item Name="Garadar Sharp" Entry="27857" />
		<Item Name="Mag'har Grainbread" Entry="27855" />
		<Item Name="Skethyl Berries" Entry="27856" />
		<Item Name="Smoked Talbuk Venison" Entry="27854" />
	<!-- iLevel:65 -->
	<Item Name="Bladespire Bagel" Entry="29449" />
		<Item Name="Clefthoof Ribs" Entry="29451" />
		<Item Name="Crusty Flatbread" Entry="33449" />
		<Item Name="Mag'har Mild Cheese" Entry="29448" />
		<Item Name="Salted Venison" Entry="33454" />
		<Item Name="Sour Goat Cheese" Entry="33443" />
		<Item Name="Telaari Grapes" Entry="29450" />
		<Item Name="Tundra Berries" Entry="35949" />
	<!-- iLevel:75 -->
	<Item Name="Briny Hardcheese" Entry="35952" />
		<Item Name="Mead Basted Caribou" Entry="35953" />
		<Item Name="Savory Snowplum" Entry="35948" />
		<Item Name="Sweet Potato Bread" Entry="35950" />
	<!-- iLevel:80 -->
	<Item Name="Pine Nut Bread" Entry="58260" />
		<Item Name="Roasted Beef" Entry="58268" />
		<Item Name="Sliced Raw Billfish" Entry="58262" />
		<Item Name="Smoked String Cheese" Entry="58258" />
		<Item Name="Sour Green Apple" Entry="58264" />
		<Item Name="Violet Morel" Entry="58266" />
	<Item Name="Baked Rockfish" Entry="62661" />
	<!-- iLevel:85 96000/30sec -->
	<Item Name="Buttery Wheat Roll" Entry="58261" />
		<Item Name="Grilled Shark" Entry="58263" />
		<Item Name="Highland Pomegranate" Entry="58265" />
		<Item Name="Highland Sheep Cheese" Entry="58259" />
		<Item Name="Massive Turkey Leg" Entry="58269" />
		<Item Name="Scarlet Polypore" Entry="58267" />
	<!-- iLevel:85 200000/20sec -->
	<Item Name="Cornmeal Biscuit" Entry="82450" />
		<Item Name="Crispy Dojani Eel" Entry="81175" />
		<Item Name="Krasarang Fritters" Entry="85504" />
		<Item Name="Mutton Stew" Entry="81917" />
		<Item Name="Peppered Puffball" Entry="81889" />
		<Item Name="Red Raspberry" Entry="81919" />
		<Item Name="Redridge Roquefort" Entry="81922" />
		<Item Name="Sliced Peaches" Entry="86057" />
		<Item Name="Smoked Squid Belly" Entry="82448" />
		<Item Name="Swirling Mist Soup" Entry="74644" />
		<Item Name="Tortoise Jerky" Entry="83097" />
	<!-- iLevel:90 300000/20sec -->
	<Item Name="Barnacle Bouillabaisse" Entry="82449" />
		<Item Name="Chilton Stilton" Entry="81921" />
		<Item Name="Fish Cake" Entry="74641" />
		<Item Name="Frybread" Entry="82451" />
		<Item Name="Green Curry Fish" Entry="81410" />
		<Item Name="Humongous Fungus" Entry="81916" />
		<Item Name="Pearl Milk Tea" Entry="81414" />
		<Item Name="Pickled Pig's Snout" Entry="81918" />
		<Item Name="Plump Fig" Entry="81920" />
		<Item Name="Thick-Cut Bacon" Entry="90135" />
		<Item Name="Root Veggie Stew" Entry="88398" />
		<Item Name="Tangy Yogurt" Entry="81409" />		

	<!-- Basic Items: Food, Hunter's Exotic Pet  (ordered by level to use) -->
	<Item Name="Kibler's Bits" Entry="33874" />

	<!-- Basic Items: Potions, Flasks  (ordered by level, then alphabetical) -->
	<!-- iLevel:60 -->
	<Item Name="Flask of Distilled Wisdom" Entry="13511" />
		<Item Name="Flask of Petrification" Entry="13506" />
		<Item Name="Flask of Supreme Power" Entry="13512" />
		<Item Name="Flask of the Titans" Entry="13510" />
	<!-- iLevel:70 -->
	<Item Name="Flask of Blinding Light" Entry="22861" />
		<Item Name="Flask of Fortification" Entry="22851" />
		<Item Name="Flask of Mighty Restoration" Entry="22853" />
		<Item Name="Flask of Pure Death" Entry="22866" />
		<Item Name="Flask of Relentless Assault" Entry="22854" />
		<Item Name="Shattrath Flask of Blinding Light" Entry="35717" />
		<Item Name="Shattrath Flask of Fortification" Entry="32898" />
		<Item Name="Shattrath Flask of Mighty Restoration" Entry="32899" />
		<Item Name="Shattrath Flask of Pure Death" Entry="35716" />
		<Item Name="Shattrath Flask of Relentless Assault" Entry="32901" />
		<Item Name="Shattrath Flask of Supreme Power" Entry="32900" />
		<Item Name="Unstable Flask of the Bandit" Entry="32599" />
		<Item Name="Unstable Flask of the Beast" Entry="32598" />
		<Item Name="Unstable Flask of the Elder" Entry="32596" />
		<Item Name="Unstable Flask of the Physician" Entry="32600" />
		<Item Name="Unstable Flask of the Soldier" Entry="32597" />
		<Item Name="Unstable Flask of the Sorcerer" Entry="32601" />
	<!-- iLevel:80 -->
	<Item Name="Flask of Endless Rage" Entry="46377" />
		<Item Name="Flask of the Frost Wyrm" Entry="46376" />
		<Item Name="Flask of Pure Mojo" Entry="46378" />
		<Item Name="Flask of Stoneblood" Entry="46379" />
		<Item Name="Flask of the North" Entry="47499" />
	<!-- iLevel:85 -->
	<Item Name="Flask of Battle" Entry="65455" />
		<Item Name="Flask of Flowing Water" Entry="67438" />
		<Item Name="Flask of Steelskin" Entry="58085" />
		<Item Name="Flask of the Draconic Mind" Entry="58086" />
		<Item Name="Flask of the Winds" Entry="58087" />
		<Item Name="Flask of Titanic Strength" Entry="58088" />
	<!-- iLevel:90 -->
	<Item Name="Flask of the Earth" Entry="76087" />
		<Item Name="Flask of Falling Leaves" Entry="76086" />
		<Item Name="Flask of Spring Blossoms" Entry="76084" />
		<Item Name="Flask of the Warm Sun" Entry="76085" />
		<Item Name="Flask of Winter's Bite" Entry="76088" />
	
	<!-- Basic Items: Potions, Health  (ordered by level to use) -->
	<Item Name="Minor Healing Potion" Entry="118" />
	<Item Name="Lesser Healing Potion" Entry="858" />
		<Item Name="Discolored Healing Potion" Entry="4596" />
	<Item Name="Healing Potion" Entry="929" />
	<Item Name="Greater Healing Potion" Entry="1710" />
	<Item Name="Superior Healing Potion" Entry="3928" />
		<Item Name="Combat Healing Potion" Entry="18839" />
	<Item Name="Superior Healing Draught" Entry="17349" />
	<Item Name="Major Healing Potion" Entry="13446" />
		<Item Name="Major Healing Draught" Entry="17348" />
	<Item Name="Super Healing Potion" Entry="22829" />
		<Item Name="Auchenai Healing Potion" Entry="32947" />
		<Item Name="Bottled Nethergon Vapor" Entry="32905" />
		<Item Name="Crystal Healing Potion" Entry="33934" />
		<Item Name="Healing Potion Injector" Entry="33092" />
		<Item Name="Volatile Healing Potion" Entry="28100" />
	<Item Name="Fel Regeneration Potion" Entry="31676" />
	<Item Name="Major Combat Healing Potion" Entry="31838" />
	<Item Name="Major Combat Healing Potion" Entry="31839" />
	<Item Name="Major Combat Healing Potion" Entry="31852" />
	<Item Name="Major Combat Healing Potion" Entry="31853" />
	<Item Name="Endless Healing Potion" Entry="43569" />
	<Item Name="Resurgent Healing Potion" Entry="39671" />
	<Item Name="Runic Healing Potion" Entry="33447" />
		<Item Name="Runic Healing Injector" Entry="41166" />
	<Item Name="Mythical Healing Potion" Entry="57191" />
	<Item Name="Master Healing Potion" Entry="76097" />
		<Item Name="Adrenaline Shot" Entry="88416" />
		<Item Name="Endless Master Healing Potion" Entry="80040" />

	<!-- Basic Items: Potions, Mana (ordered by level to use) -->
	<Item Name="Minor Mana Potion" Entry="2455" />
	<Item Name="Lesser Mana Potion" Entry="3385" />
	<Item Name="Mana Potion" Entry="3827" />
	<Item Name="Greater Mana Potion" Entry="6149" />
		<Item Name="Superior Mana Draught" Entry="17352" />
	<Item Name="Superior Mana Potion" Entry="13443" />
		<Item Name="Combat Mana Potion" Entry="18841" />
		<Item Name="Major Mana Draught" Entry="17351" />
	<Item Name="Major Mana Potion" Entry="13444" />
	<Item Name="Major Combat Mana Potion" Entry="31840" />
		<Item Name="Major Combat Mana Potion" Entry="31841" />
		<Item Name="Major Combat Mana Potion" Entry="31854" />
		<Item Name="Major Combat Mana Potion" Entry="31855" />
	<Item Name="Super Mana Potion" Entry="22832" />
		<Item Name="Auchenai Mana Potion" Entry="32948" />
		<Item Name="Bottled Nethergon Energy" Entry="32902" />
		<Item Name="Crystal Mana Potion" Entry="33935" />
		<Item Name="Mana Potion Injector" Entry="33093" />
		<Item Name="Unstable Mana Potion" Entry="28101" />
		<Item Name="Endless Mana Potion" Entry="43570" />
		<Item Name="Icy Mana Potion" Entry="40067" />
	<Item Name="Runic Mana Potion" Entry="33448" />
		<Item Name="Runic Mana Injector" Entry="42545" />
	<Item Name="Mythical Mana Potion" Entry="57192" />
	<Item Name="Master Mana Potion" Entry="76098" />

	<!-- Basic Items: Potions, Mana Oil (ordered by level to use) -->
	<Item Name="Minor Mana Oil" Entry="20745" />
	<Item Name="Lesser Mana Oil" Entry="20747" />
	<Item Name="Brilliant Mana Oil" Entry="20748" />
	<Item Name="Superior Mana Oil" Entry="22521" />

	<!-- Basic Items: Potions, Rejuvenation [Health & Mana] (ordered by level to use) -->
	<Item Name="Minor Rejuvenation Potion" Entry="2456" />
	<!-- iLevel:45 -->
	<Item Name="Dreamless Sleep Potion" Entry="12190" />
		<Item Name="Wildvine Potion" Entry="9144" />
	<!-- iLevel:60 -->
	<Item Name="Major Rejuvenation Potion" Entry="18253" />
		<Item Name="Greater Dreamless Sleep Potion" Entry="20002" />
	<Item Name="Noth's Special Brew" Entry="39327" />
	<!-- iLevel:65 -->
	<Item Name="Mad Alchemist's Potion" Entry="34440" />
		<Item Name="Major Dreamless Sleep Potion" Entry="22836" />
	<!-- iLevel: 75 -->
	<Item Name="Super Rejuvenation Potion" Entry="22850" />
	<!-- iLevel:80 -->
	<Item Name="Potion of Nightmares" Entry="40081" />
		<Item Name="Powerful Rejuvenation Potion" Entry="40087" />
	<Item Name="Mighty Rejuvenation Potion" Entry="57193" />
	<!-- iLevel:90 -->
	<Item Name="Alchemist's Rejuvenation" Entry="76094" />

	<!-- Basic Items: Potions, Utility (ordered alphabetically) -->
	<!-- iLevel:85 -->
	<Item Name="Draught of War" Entry="67415" />
		<Item Name="Earthen Potion" Entry="58090" />
		<Item Name="Golemblood Potion" Entry="58146" />
		<Item Name="Mysterious Potion" Entry="57099" />
		<Item Name="Potion of Concentration" Entry="57194" />
		<Item Name="Potion of Deepholm" Entry="58487" />
		<Item Name="Potion of Illusion" Entry="58489" />
		<Item Name="Potion of the Tol'vir" Entry="58145" />
		<Item Name="Potion of Treasure Finding" Entry="58488" />
		<Item Name="Rogue's Draught" Entry="63300" />
		<Item Name="Volcanic Potion" Entry="58091" />
	<!-- iLevel:90 -->
	<Item Name="Greater Potion of Luck" Entry="76091" />
		<Item Name="Potion of Luck" Entry="93351" />
		<Item Name="Darkwater Potion" Entry="76096" />
		<Item Name="Virmen's Bite" Entry="76089" />
		<Item Name="Potion of Focus" Entry="76092" />
		<Item Name="Potion of the Jade Serpent" Entry="76093" />
		<Item Name="Potion of Mogu Power" Entry="76095" />
		<Item Name="Potion of the Mountains" Entry="76090" />


	<!-- ========== Classes (alphabetically) ========== -->
	<!-- Class: Death Knight (alphabetical) -->

	<!-- Class: Druid (alphabetical) -->

	<!-- Class: Hunter (alphabetical) -->
		
	<!-- Class: Mage (alphabetical) -->
	<Item Name="Light Feather" Entry="17056" />

	<!-- Class: Monk (alphabetical) -->
	
	<!-- Class: Paladin (alphabetical) -->

	<!-- Class: Priest (alphabetical) -->

	<!-- Class Rogue (alphabetical) -->

	<!-- Class: Shaman (alphabetical) -->

	<!-- Class: Warlock (alphabetical) -->

	<!-- Class: Warrior (alphabetical) -->
	

	<!-- ========== Harvests (alphabetically) ========== -->
	<!-- Harvests: Cloth & Spider's Silk (ordered by level) -->
	<Item Name="Linen Cloth" Entry="2589" />
		<Item Name="Wool Cloth" Entry="2592" />
		<Item Name="Spider's Silk" Entry="3182" />
		<Item Name="Silk Cloth" Entry="4306" />
		<Item Name="Thick Spider's Silk" Entry="4337" />
		<Item Name="Mageweave Cloth" Entry="4338" />
		<Item Name="Shadow Silk" Entry="10285" />
		<Item Name="Felcloth" Entry="14256" />
		<Item Name="Ironweb Spider Silk" Entry="14227" />
		<Item Name="Runecloth" Entry="14047" />
		<Item Name="Mooncloth" Entry="14342" />
	<Item Name="Netherweave Cloth" Entry="21877" />
		<Item Name="Netherweb Spider Silk" Entry="21881" />
		<Item Name="Primal Mooncloth" Entry="21845" />
	<Item Name="Frostweave Cloth" Entry="33470" />
		<Item Name="Shadowcloth" Entry="24272" />
		<Item Name="Spellcloth" Entry="24271" />
		<Item Name="Iceweb Spider Silk" Entry="42253" />
		<Item Name="Ebonweave" Entry="41593" />
		<Item Name="Moonshroud" Entry="41594" />
		<Item Name="Spellweave" Entry="41595" />
	<Item Name="Embersilk Cloth" Entry="53010" />
		<Item Name="Dreamcloth" Entry="54440" />
	<Item Name="Windwool Cloth" Entry="72988" />
		<Item Name="Imperial Silk" Entry="82447" />

	<!-- Harvests: Elementals (ordered by level, then alphabetically) -->
	<!-- Classic -->
	<Item Name="Elemental Air" Entry="7069" />
		<Item Name="Elemental Earth" Entry="7067" />
		<Item Name="Elemental Fire" Entry="7068" />
		<Item Name="Elemental Water" Entry="7070" />
	<Item Name="Breath of Wind" Entry="7081" />
		<Item Name="Core of Earth" Entry="7075" />
		<Item Name="Globe of Water" Entry="7079" />
		<Item Name="Heart of Fire" Entry="7077" />
		<Item Name="Heart of the Wild" Entry="10286" />
		<Item Name="Ichor of Undeath" Entry="7972" />
	<Item Name="Essence of Air" Entry="7082" />
		<Item Name="Essence of Earth" Entry="7076" />
		<Item Name="Essence of Fire" Entry="7078" />
		<Item Name="Essence of Undeath" Entry="12808" />
		<Item Name="Essence of Water" Entry="7080" />
		<Item Name="Essence of Hatred" Entry="90636" />
		<Item Name="Living Essence" Entry="12803" />
	<!-- Burning Crusade -->
	<Item Name="Primal Air" Entry="22451" />
			<Item Name="Mote of Air" Entry="22572" />
		<Item Name="Primal Earth" Entry="22452" />
			<Item Name="Mote of Earth" Entry="22573" />
		<Item Name="Primal Fire" Entry="21884" />
			<Item Name="Mote of Fire" Entry="22574" />
		<Item Name="Primal Life" Entry="21886" />
			<Item Name="Mote of Life" Entry="22575" />
		<Item Name="Primal Mana" Entry="22457" />
			<Item Name="Mote of Mana" Entry="22576" />
		<Item Name="Primal Might" Entry="23571" />
		<Item Name="Primal Shadow" Entry="22456" />
			<Item Name="Mote of Shadow" Entry="22577" />
		<Item Name="Primal Water" Entry="21885" />
			<Item Name="Mote of Water" Entry="22578" />
	<!-- Lich King -->
	<Item Name="Crystallized Air" Entry="37700" />
			<Item Name="Eternal Air" Entry="35623" />
		<Item Name="Crystallized Earth" Entry="37701" />
			<Item Name="Eternal Earth" Entry="35624" />
		<Item Name="Crystallized Fire" Entry="37702" />
			<Item Name="Eternal Fire" Entry="36860" />
		<Item Name="Crystallized Life" Entry="37704" />
			<Item Name="Eternal Life" Entry="35625" />
		<Item Name="Crystallized Shadow" Entry="37703" />
			<Item Name="Eternal Shadow" Entry="35627" />
		<Item Name="Crystallized Water" Entry="37705" />
			<Item Name="Eternal Water" Entry="35622" />
		<Item Name="Eternal Might" Entry="40248" />
	<!-- Cataclysm -->
	<Item Name="Chaos Orb" Entry="52078" />
		<Item Name="Volatile Air" Entry="52328" />
		<Item Name="Volatile Earth" Entry="52327" />
		<Item Name="Volatile Fire" Entry="52325" />
		<Item Name="Volatile Life" Entry="52329" />
		<Item Name="Volatile Water" Entry="52326" />
	<!-- Mists of Panderia -->
	<Item Name="Mote of Harmony" Entry="89112" />
	<Item Name="Spirit of Harmony" Entry="76061" />
		<!-- NotInGame: <Item Name="Spirit of Autumn" Entry="76060" /> -->
		<!-- NotInGame: <Item Name="Spirit of the Season" Entry="80816" /> -->
		<!-- NotInGame: <Item Name="Spirit of Spring" Entry="76059" /> -->
		<!-- NotInGame: <Item Name="Spirit of Summer" Entry="76057" /> -->
		<!-- NotInGame: <Item Name="Spirit of Winter" Entry="76058" /> -->
	<!-- NotInGame: <Item Name="Splinter of Hate" Entry="90637" /> -->

	<!-- Harvests: Gems (ordered by level, then alphabetically) -->
	<!-- Classic -->
	<!-- Worthless: <Item Name="Blood Shard" Entry="5075" /> -->
	<Item Name="Malachite" Entry="774" />
	<Item Name="Tigerseye" Entry="818" />
	<Item Name="Shadowgem" Entry="1210" />
	<Item Name="Moss Agate" Entry="1206" />
	<Item Name="Lesser Moonstone" Entry="1705" />
	<Item Name="Jade" Entry="1529" />
	<Item Name="Citrine" Entry="3864" />
	<Item Name="Aquamarine" Entry="7909" />
	<Item Name="Blood of the Mountain" Entry="11382" />
		<Item Name="Star Ruby" Entry="7910" />
	<Item Name="Blue Sapphire" Entry="12361" />
		<Item Name="Large Opal" Entry="12799" />
	<Item Name="Azerothian Diamond" Entry="12800" />
		<Item Name="Black Diamond" Entry="11754" />
		<Item Name="Arcane Crystal" Entry="12363" />
		<Item Name="Huge Emerald" Entry="12364" />
	<!-- Burning Crusade -->
	<Item Name="Azure Moonstone" Entry="23117" />
		<Item Name="Blood Garnet" Entry="23077" />
		<Item Name="Deep Peridot" Entry="23079" />
		<Item Name="Flame Spessarite" Entry="21929" />
		<Item Name="Golden Draenite" Entry="23112" />
		<Item Name="Shadow Draenite" Entry="23107" />
	<Item Name="Dawnstone" Entry="23440" />
		<Item Name="Living Ruby" Entry="23436" />
		<Item Name="Nightseye" Entry="23441" />
		<Item Name="Noble Topaz" Entry="23439" />
		<Item Name="Star of Elune" Entry="23438" />
		<Item Name="Talasite" Entry="23437" />
	<!-- Lich King -->
	<Item Name="Bloodstone" Entry="36917" />
		<Item Name="Chalcedony" Entry="36923" />
		<Item Name="Dark Jade" Entry="36932" />
		<Item Name="Huge Citrine" Entry="36929" />
		<Item Name="Shadow Crystal" Entry="36926" />
		<Item Name="Sun Crystal" Entry="36920" />
	<Item Name="Autumn's Glow" Entry="36921" />
		<Item Name="Forest Emerald" Entry="36933" />
		<Item Name="Monarch Topaz" Entry="36930" />
		<Item Name="Scarlet Ruby" Entry="36918" />
		<Item Name="Sky Sapphire" Entry="36924" />
		<Item Name="Twilight Opal" Entry="36927" />
	<Item Name="Ametrine" Entry="36931" />
		<Item Name="Cardinal Ruby" Entry="36919" />
		<Item Name="Dreadstone" Entry="36928" />
		<Item Name="Eye of Zul" Entry="36934" />
		<Item Name="King's Amber" Entry="36922" />
		<Item Name="Majestic Zircon" Entry="36925" />
	<!-- Cataclysm -->
	<Item Name="Alicite" Entry="52179" />
		<Item Name="Carnelian" Entry="52177" />
		<Item Name="Hessonite" Entry="52181" />
		<Item Name="Jasper" Entry="52182" />
		<Item Name="Nightstone" Entry="52180" />
		<Item Name="Zephyrite" Entry="52178" />
	<Item Name="Amberjewel" Entry="52195" />
		<Item Name="Demonseye" Entry="52194" />
		<Item Name="Dream Emerald" Entry="52192" />
		<Item Name="Ember Topaz" Entry="52193" />
		<Item Name="Inferno Ruby" Entry="52190" />
		<Item Name="Ocean Sapphire" Entry="52191" />
	<Item Name="Chimera's Eye" Entry="52196" />
	<!-- Mists of Panderia -->
	<Item Name="Alexandrite" Entry="76137" />
		<Item Name="Lapis Lazuli" Entry="76133" />
		<Item Name="Pandarian Garnet" Entry="76136" />
		<Item Name="Roguestone" Entry="76135" />
		<Item Name="Sunstone" Entry="76134" />
		<Item Name="Tiger Opal" Entry="76130" />
	<Item Name="Primordial Ruby" Entry="76131" />
		<Item Name="River's Heart" Entry="76138" />
		<Item Name="Wild Jade" Entry="76139" />
		<Item Name="Vermilion Onyx" Entry="76140" />
		<Item Name="Imperial Amethyst" Entry="76141" />

	<!-- Harvests: Herbs (ordered by level) -->
	<Item Name="Bloodthistle" Entry="22710" />
		<Item Name="Peacebloom" Entry="2447" />
		<Item Name="Silverleaf" Entry="765" />
		<Item Name="Earthroot" Entry="2449" />
		<Item Name="Mageroyal" Entry="785" />
		<Item Name="Briarthorn" Entry="2450" />
		<Item Name="Swiftthistle" Entry="2452" />
		<Item Name="Bruiseweed" Entry="2453" />
		<Item Name="Stranglekelp" Entry="3820" />
		<Item Name="Grave Moss" Entry="3369" />
		<Item Name="Wild Steelbloom" Entry="3355" />
		<Item Name="Kingsblood" Entry="3356" />
		<Item Name="Liferoot" Entry="3357" />
		<Item Name="Fadeleaf" Entry="3818" />
		<Item Name="Goldthorn" Entry="3821" />
		<Item Name="Khadgar's Whisker" Entry="3358" />
		<Item Name="Wintersbite" Entry="3819" />
		<Item Name="Wildvine" Entry="8153" />
		<Item Name="Firebloom" Entry="4625" />
		<Item Name="Purple Lotus" Entry="8831" />
		<Item Name="Arthas' Tears" Entry="8836" />
		<Item Name="Sungrass" Entry="8838" />
		<Item Name="Blindweed" Entry="8839" />
		<Item Name="Ghost Mushroom" Entry="8845" />
		<Item Name="Gromsblood" Entry="8846" />
		<Item Name="Golden Sansam" Entry="13464" />
		<Item Name="Dreamfoil" Entry="13463" />
		<Item Name="Flame Cap" Entry="22788" />
		<Item Name="Mountain Silversage" Entry="13465" />
		<Item Name="Plaguebloom" Entry="13466" />
		<Item Name="Icecap" Entry="13467" />
		<Item Name="Black Lotus" Entry="13468" />
	<Item Name="Dreaming Glory" Entry="22786" />
		<Item Name="Felweed" Entry="22785" />
		<Item Name="Nightmare Seed" Entry="22797" />
		<Item Name="Terocone" Entry="22789" />
		<Item Name="Ragveil" Entry="22787" />
		<Item Name="Ancient Lichen" Entry="22790" />
		<Item Name="Fel Lotus" Entry="22794" />
		<Item Name="Mana Thistle" Entry="22793" />
		<Item Name="Netherbloom" Entry="22791" />
		<Item Name="Nightmare Vine" Entry="22792" />
		<Item Name="Deadnettle" Entry="37921" />
		<Item Name="Goldclover" Entry="36901" />
		<Item Name="Talandra's Rose" Entry="36907" />
		<Item Name="Tiger Lily" Entry="36904" />
		<Item Name="Adder's Tongue" Entry="36903" />
	<Item Name="Stormvine" Entry="52984" />
		<Item Name="Lichbloom" Entry="36905" />
		<Item Name="Cinderbloom" Entry="52983" />
		<Item Name="Azshara's Veil" Entry="52985" />
		<Item Name="Icethorn" Entry="36906" />
		<Item Name="Frost Lotus" Entry="36908" />
		<Item Name="Heartblossom" Entry="52986" />
		<Item Name="Whiptail" Entry="52988" />
		<Item Name="Twilight Jasmine" Entry="52987" />
	<Item Name="Green Tea Leaf" Entry="72234" />
		<Item Name="Rain Poppy" Entry="72237" />
		<Item Name="Silkweed" Entry="72235" />
		<Item Name="Golden Lotus" Entry="72238" />
		<Item Name="Snow Lily" Entry="79010" />
		<Item Name="Fool's Cap" Entry="79011" />

	<!-- Harvests: Leather & Pelts-mainstream (ordered by level) -->
	<Item Name="Ruined Leather Scraps" Entry="2934" />
		<Item Name="Light Hide" Entry="783" />
		<Item Name="Light Leather" Entry="2318" />
		<Item Name="Medium Hide" Entry="4232" />
		<Item Name="Medium Leather" Entry="2319" />
		<Item Name="Heavy Hide" Entry="4235" />
		<Item Name="Heavy Leather" Entry="4234" />
		<Item Name="Deeprock Salt" Entry="8150" />
		<Item Name="Thick Hide" Entry="8169" />
		<Item Name="Thick Leather" Entry="4304" />
		<Item Name="Rugged Hide" Entry="8171" />
		<Item Name="Rugged Leather" Entry="8170" />
		<Item Name="Enchanted Leather" Entry="12810" />
		<Item Name="Crystal Infused Leather" Entry="25699" />
	<Item Name="Knothide Leather" Entry="21887" />
		<Item Name="Knothide Leather Scraps" Entry="25649" />
		<Item Name="Thick Clefthoof Leather" Entry="25708" />
		<Item Name="Heavy Knothide Leather" Entry="23793" />
	<Item Name="Borean Leather" Entry="33568" />
		<Item Name="Borean Leather Scraps" Entry="33567" />
		<Item Name="Arctic Fur" Entry="44128" />
		<Item Name="Heavy Borean Leather" Entry="38425" />
	<Item Name="Savage Leather" Entry="52976" />
		<Item Name="Heavy Savage Leather" Entry="56516" />
		<Item Name="Pristine Hide" Entry="52980" />
		<Item Name="Heavy Exotic Leather" Entry="80221" />
	<Item Name="Sha-Touched Leather" Entry="72162" />
		<Item Name="Exotic Leather" Entry="72120" />
		<Item Name="Magnificent Hide" Entry="72163" />

	<!-- Harvests: Leather & Pelts-exotics (ordered by level) -->
	<Item Name="Black Whelp Scale" Entry="7286" />
	<Item Name="Deviate Scale" Entry="6470" />
	<Item Name="Green Whelp Scale" Entry="7392" />
	<Item Name="Perfect Deviate Scale" Entry="6471" />
	<Item Name="Thin Kodo Leather" Entry="5082" />
	<Item Name="Slimy Murloc Scale" Entry="5784" />
	<Item Name="Raptor Hide" Entry="4461" />
	<Item Name="Thick Murloc Scale" Entry="5785" />
	<Item Name="Turtle Scale" Entry="8167" />
	<Item Name="Scorpid Scale" Entry="8154" />
	<Item Name="Worn Dragonscale" Entry="8165" />
	<Item Name="Blue Dragonscale" Entry="15415" />
	<Item Name="Devilsaur Leather" Entry="15417" />
	<Item Name="Green Dragonscale" Entry="15412" />
	<Item Name="Warbear Leather" Entry="15419" />
	<Item Name="Black Dragonscale" Entry="15416" />
	<Item Name="Heavy Scorpid Scale" Entry="15408" />
	<Item Name="Refined Scale of Onyxia" Entry="17967" />
	<Item Name="Scale of Onyxia" Entry="15410" />
	<Item Name="Cobra Scales" Entry="29539" />
	<Item Name="Core Leather" Entry="17012" />
	<Item Name="Fel Scales" Entry="25700" />
	<Item Name="Nether Dragonscales" Entry="29548" />
	<Item Name="Red Dragonscale" Entry="15414" />
	<Item Name="Wind Scales" Entry="29547" />
	<Item Name="Fel Hide" Entry="25707" />
	<Item Name="Nerubian Chitin" Entry="38558" />
	<Item Name="Icy Dragonscale" Entry="38557" />
	<Item Name="Jormungar Scale" Entry="38561" />
	<Item Name="Blackened Dragonscale" Entry="52979" />
	<Item Name="Deepsea Scale" Entry="52982" />
	<Item Name="Prismatic Scale" Entry="79101" />

	<!-- Harvests: Ore-mainstream (ordered by level) -->
	<Item Name="Copper Ore" Entry="2770" />
		<Item Name="Tin Ore" Entry="2771" />
		<Item Name="Silver Ore" Entry="2775" />
		<Item Name="Iron Ore" Entry="2772" />
		<Item Name="Gold Ore" Entry="2776" />
		<Item Name="Mithril Ore" Entry="3858" />
		<Item Name="Truesilver Ore" Entry="7911" />
		<Item Name="Thorium Ore" Entry="10620" />
		<Item Name="Dark Iron Ore" Entry="11370" />
		<Item Name="Elementium Ingot" Entry="18562" />
	<Item Name="Fel Iron Ore" Entry="23424" />
		<Item Name="Adamantite Ore" Entry="23425" />
		<Item Name="Eternium Ore" Entry="23427" />
	<Item Name="Cobalt Ore" Entry="36909" />
		<Item Name="Khorium Ore" Entry="23426" />
		<Item Name="Saronite Ore" Entry="36912" />
		<Item Name="Titanium Ore" Entry="36910" />
	<Item Name="Obsidium Ore" Entry="53038" />
		<Item Name="Elementium Ore" Entry="52185" />
		<Item Name="Pyrite Ore" Entry="52183" />
	<Item Name="Ghost Iron Ore" Entry="72092" />
		<Item Name="Black Trillium Ore" Entry="72094" />
		<Item Name="White Trillium Ore" Entry="72103" />
		<Item Name="Kyparite" Entry="72093" />

	<!-- Harvests: Ore-exotics (alphabetical) -->
	<Item Name="Incendite Ore" Entry="3340" />
	<Item Name="Lesser Bloodstone Ore" Entry="4278" />
	<Item Name="Nethercite Ore" Entry="32464" />
	<Item Name="Rathban Ore" Entry="2798" />

	<!-- Harvests: Stone (ordered by level) -->
	<Item Name="Rough Stone" Entry="2835" />
	<Item Name="Coarse Stone" Entry="2836" />
	<Item Name="Heavy Stone" Entry="2838" />
	<Item Name="Solid Stone" Entry="7912" />
	<Item Name="Dense Stone" Entry="12365" />


	<!-- ========== Reputation Items (alphabetical by Faction) ==========
      If you don't want these items in your backpack, we suggest setting up
      Lootfilter to delete the unwanted ones.
     -->

	<!-- Reputation: Argent Dawn (alphabetical) -->

	<!-- Reputation: Booty Bay/Everlook/Gadgetzan/Ratchet (alphabetical) -->
	<Item Name="Miniaturization Residue" Entry="18956" />
	<Item Name="Water Elemental Core" Entry="18958" />

	<!-- Reputation: Cenarion Expedition (alphabetical) -->
	<Item Name="Nesingwary Lackey Ear" Entry="35188" />
	<Item Name="Uncatalogued Species" Entry="24407" />
	<Item Name="Unidentified Plant Parts" Entry="24401" />

	<!-- Reputation: Gadgetzan (alphabetical) -->

	<!-- Reputation: Kurenai/Mag'har (alphabetical) -->
	<Item Name="Obsidian Warbeads" Entry="25433" />

	<!-- Reputation: Netherwing (alphabetical) -->
	<Item Name="Fel Gland" Entry="32502" />
	<Item Name="Netherwing Crystal" Entry="32427" />
	<Item Name="Netherwing Egg" Entry="32506" />
	<Item Name="Netherwing Relic" Entry="32509" />
	<Item Name="Nethermine Cargo" Entry="32723" />
	<Item Name="Nethermine Flayer Hide" Entry="32470" />
	<Item Name="Nethercite Ore" Entry="32464" />
	<Item Name="Netherdust Pollen" Entry="32468" />

	<!-- Reputation: Oracles (alphabetical) -->
	<Item Name="Energized Polished Crystal" Entry="39748" />
	<Item Name="Shiny Treasures" Entry="38575" />

	<!-- Reputation: Order of the Cloud Serpent  (alphabetical) -->
	<Item Name="Onyx Egg" Entry="89155" />

	<!-- Reputation: Ravenholdt (alphabetical) -->
	<Item Name="Heavy Junkbox" Entry="16885" />
	<Item Name="Syndicate Emblem" Entry="17124" />

	<!-- Reputation: Sons of Hodir (alphabetical) -->
	<Item Name="Everfrost Chip" Entry="44724" />
	<Item Name="Everfrost Chip" Entry="44725" />
	<Item Name="Frozen Iron Scrap" Entry="42252" />
	<Item Name="Relic of Ulduar" Entry="42780" />
	<Item Name="Viscous Oil" Entry="42640" />

	<!-- Reputation: Sporeggar (alphabetical) -->
	<Item Name="Bog Lord Tendril" Entry="24291" />
	<Item Name="Fertile Spores" Entry="24449" />
	<Item Name="Glowcap" Entry="24245" />
	<Item Name="Mature Spore Sac" Entry="24290" />
	<Item Name="Sanguine Hibiscus" Entry="24246" />

	<!-- Reputation: The Aldor (alphabetical) -->
	<Item Name="Dreadfang Venom Sac" Entry="25802" />
	<Item Name="Fel Armament" Entry="29740" />
	<Item Name="Mark of Kil'jaeden" Entry="29425" />
	<Item Name="Mark of Sargeras" Entry="30809" />

	<!-- Reputation: The Consortium (alphabetical) -->
	<Item Name="Ethereum Prison Key" Entry="29460" />
	<Item Name="Ethereum Prisoner I.D. Tag" Entry="31957" />
	<Item Name="Oshu'gun Crystal Fragment" Entry="25416" />
	<Item Name="Pair of Ivory Tusks" Entry="25463" />
	<Item Name="Zaxxis Insignia" Entry="29209" />

	<!-- Reputation: The Scryers (alphabetical) -->
	<Item Name="Arcane Tome" Entry="29739" />
	<Item Name="Dampscale Basilisk Eye" Entry="25744" />
	<Item Name="Firewing Signet" Entry="29426" />
	<Item Name="Sunfury Signet" Entry="30810" />

	<!-- Reputation: Thorium Brotherhood (alphabetical) -->
	<Item Name="Blood of the Mountain" Entry="11382" />
	<Item Name="Core Leather" Entry="17012" />
	<Item Name="Dark Iron Ore" Entry="11370" />
	<Item Name="Dark Iron Residue" Entry="18945" />
	<Item Name="Fiery Core" Entry="17010" />
	<Item Name="Incendosaur Scale" Entry="18944" />
	<Item Name="Lava Core" Entry="17011" />

	<!-- Reputation: Timbermaw Hold (alphabetical) -->
	<Item Name="Deadwood Headdress Feather" Entry="21377" />
	<Item Name="Winterfall Spirit Beads" Entry="21383" />

	<!-- Reputation: Zandalar Tribe (alphabetical) -->

	<!-- Reputation: Wintersaber Trainers (alphabetical) -->
	<Item Name="Shardtooth Meat" Entry="12622" />
	<Item Name="Chillwind Meat" Entry="12623" />


	<!-- ========== Tabards (alphabetical) ==========
      If you don't want these items in your backpack, we suggest you explicitly
      sell or bank them.
	  
	  NB: Bliz has apparently made Tabards Bind on Pickup, now.  We leave them
	  here, but commented out in case they change their minds again.
     -->
	<!-- BoP: <Item Name="Aldor Tabard" Entry="31779" /> -->
	<!-- BoP: <Item Name="Arathor Battle Tabard" Entry="20132" /> -->
	<!-- BoP: <Item Name="Argent Crusader's Tabard" Entry="46874" /> -->
	<!-- BoP: <Item Name="Baradin's Wardens Tabard" Entry="63379" /> -->
	<!-- BoP: <Item Name="Battle Tabard of the Defilers" Entry="20131" /> -->
	<!-- BoP: <Item Name="Bilgewater Cartel Tabard" Entry="64884" /> -->
	<!-- BoP: <Item Name="Blood Knight Tabard" Entry="25549" /> -->
	<Item Name="Borrowed Silver Covenant Tabard" Entry="49913" />
	<Item Name="Borrowed Tabard" Entry="49648" />
	<Item Name="Borrowed Tabard" Entry="49680" />
	<!-- BoP: <Item Name="Cenarion Expedition Tabard" Entry="31804" /> -->
	<!-- BoP: <Item Name="Consortium Tabard" Entry="31776" /> -->
	<Item Name="Crusader Bridenbrad's Tabard" Entry="44789" />
	<!-- BoP: <Item Name="Darkspear Tabard" Entry="45582" /> -->
	<!-- BoP: <Item Name="Darnassus Tabard" Entry="45579" /> -->
	<Item Name="Enchanted Illidari Tabard" Entry="31279" />
	<!-- BoP: <Item Name="Exodar Tabard" Entry="45580" /> -->
	<!-- BoP: <Item Name="Frostwolf Battle Tabard" Entry="19031" /> -->
	<!-- BoP: <Item Name="Gilneas Tabard" Entry="64882" /> -->
	<!-- BoP: <Item Name="Gnomeregan Tabard" Entry="45578" /> -->
	<!-- BoP: <Item Name="Green Trophy Tabard of the Illidari" Entry="31404" /> -->
	<Item Name="Guild Tabard" Entry="5976" />
	<!-- BoP: <Item Name="Hellscream's Reach Tabard" Entry="63378" /> -->
	<!-- BoP: <Item Name="Honor Hold Tabard" Entry="23999" /> -->
	<Item Name="Illidari Tabard" Entry="31278" />
	<!-- BoP: <Item Name="Ironforge Tabard" Entry="45577" /> -->
	<!-- BoP: <Item Name="Keepers of Time Tabard" Entry="31777" /> -->
	<!-- BoP: <Item Name="Kurenai Tabard" Entry="31774" /> -->
	<!-- BoP: <Item Name="Lower City Tabard" Entry="31778" /> -->
	<!-- BoP: <Item Name="Mag'har Tabard" Entry="31773" /> -->
	<!-- BoP: <Item Name="Ogri'la Tabard" Entry="32828" /> -->
	<!-- BoP: <Item Name="Orgrimmar Tabard" Entry="45581" /> -->
	<!-- BoP: <Item Name="Private's Tabard" Entry="15196" /> -->
	<!-- BoP: <Item Name="Purple Trophy Tabard of the Illidari" Entry="31405" /> -->
	<!-- BoP: <Item Name="Scout's Tabard" Entry="15197" /> -->
	<!-- BoP: <Item Name="Scryers Tabard" Entry="31780" /> -->
	<!-- BoP: <Item Name="Sha'tar Tabard" Entry="31781" /> -->
	<!-- BoP: <Item Name="Silver Covenant Tabard" Entry="46817" /> -->
	<!-- BoP: <Item Name="Silvermoon City Tabard" Entry="45585" /> -->
	<!-- BoP: <Item Name="Silverwing Battle Tabard" Entry="19506" /> -->
	<!-- BoP: <Item Name="Skyguard Tabard" Entry="32445" /> -->
	<!-- BoP: <Item Name="Sporeggar Tabard" Entry="31775" /> -->
	<!-- BoP: <Item Name="Stormpike Battle Tabard" Entry="19032" /> -->
	<!-- BoP: <Item Name="Stormwind Tabard" Entry="45574" /> -->
	<!-- BoP: <Item Name="Sunreaver Tabard" Entry="46818" /> -->
	<!-- BoP: <Item Name="Tabard of Brilliance" Entry="38312" /> -->
	<!-- BoP: <Item Name="Tabard of Brute Force" Entry="43349" /> -->
	<!-- BoP: <Item Name="Tabard of Conquest" Entry="49054" /> -->
	<!-- BoP: <Item Name="Tabard of Conquest" Entry="49052" /> -->
	<!-- BoP: <Item Name="Tabard of Flame" Entry="23705" /> -->
	<!-- BoP: <Item Name="Tabard of Frost" Entry="23709" /> -->
	<!-- BoP: <Item Name="Tabard of Fury" Entry="38313" /> -->
	<!-- BoP: <Item Name="Tabard of Nature" Entry="38309" /> -->
	<!-- BoP: <Item Name="Tabard of Ramkahen" Entry="65904" /> -->
	<!-- BoP: <Item Name="Tabard of Summer Flames" Entry="35280" /> -->
	<!-- BoP: <Item Name="Tabard of Summer Skies" Entry="35279" /> -->
	<!-- BoP: <Item Name="Tabard of the Achiever" Entry="40643" /> -->
	<!-- BoP: <Item Name="Tabard of the Arcane" Entry="38310" /> -->
	<!-- BoP: <Item Name="Tabard of the Argent Crusade" Entry="43154" /> -->
	<!-- BoP: <Item Name="Tabard of the Defender" Entry="38314" /> -->
	<!-- BoP: <Item Name="Tabard of the Dragonmaw Clan" Entry="65909" /> -->
	<!-- BoP: <Item Name="Tabard of the Earthen Ring" Entry="65905" /> -->
	<!-- BoP: <Item Name="Tabard of the Ebon Blade" Entry="43155" /> -->
	<!-- BoP: <Item Name="Tabard of the Explorer" Entry="43348" /> -->
	<!-- BoP: <Item Name="Tabard of the Guardians of Hyjal" Entry="65906" /> -->
	<!-- BoP: <Item Name="Tabard of the Hand" Entry="24344" /> -->
	<!-- BoP: <Item Name="Tabard of the Kirin Tor" Entry="43157" /> -->
	<Item Name="Tabard of the Lightbringer" Entry="52252" />
	<!-- BoP: <Item Name="Tabard of the Scarlet Crusade" Entry="23192" /> -->
	<!-- BoP: <Item Name="Tabard of the Shattered Sun" Entry="35221" /> -->
	<!-- BoP: <Item Name="Tabard of the Void" Entry="38311" /> -->
	<!-- BoP: <Item Name="Tabard of the Wildhammer Clan" Entry="65908" /> -->
	<!-- BoP: <Item Name="Tabard of the Wyrmrest Accord" Entry="43156" /> -->
	<!-- BoP: <Item Name="Tabard of Therazane" Entry="65907" /> -->
	<!-- BoP: <Item Name="Thrallmar Tabard" Entry="24004" /> -->
	<!-- BoP: <Item Name="Thunder Bluff Tabard" Entry="45584" /> -->
	<!-- BoP: <Item Name="Undercity Tabard" Entry="45583" /> -->
	<!-- BoP: <Item Name="Warsong Battle Tabard" Entry="19505" /> -->
	<!-- BoP: <Item Name="Order of the Cloud Serpent Tabard" Entry="89796" /> -->
	<!-- BoP: <Item Name="Tushui Tabard" Entry="83079" /> -->
	<!-- BoP: <Item Name="Anglers Tabard" Entry="89401" /> -->
	<!-- BoP: <Item Name="Tillers Tabard" Entry="89784" /> -->
	<!-- BoP: <Item Name="Lorewalkers Tabard" Entry="89795" /> -->
	<!-- BoP: <Item Name="Huojin Tabard" Entry="83080" /> -->
	<!-- BoP: <Item Name="Golden Lotus Tabard" Entry="89797" /> -->
	<!-- BoP: <Item Name="Klaxxi Tabard" Entry="89798" /> -->
	<!-- BoP: <Item Name="August Celestials Tabard" Entry="89799" /> -->
	<!-- BoP: <Item Name="Shado-Pan Tabard" Entry="89800" /> -->


	<!-- ========== Trade Tools & Items (alphabetical) ========== -->
	<!-- Trade: Alchemy Tools (alphabetical) -->
	<Item Name="Philsopher's Stone" Entry="9149" />
	<Item Name="Pyrium-Laced Crystalline Vial" Entry="65892" />
	<Item Name="Living Steel" Entry="72104" />

	<!-- Trade: Archeology Items (alphabetical) -->
	<Item Name="Draenei Tome" Entry="64394" />
	<Item Name="Dwarf Rune Stone" Entry="52843" />
	<Item Name="Highborne Scroll" Entry="63127" />
	<Item Name="Nerubian Obelisk" Entry="64396" />
	<Item Name="Orc Blood Text" Entry="64392" />
	<Item Name="Tol'vir Hieroglyphic" Entry="64397" />
	<Item Name="Troll Tablet" Entry="63128" />
	<Item Name="Vrykul Rune Stick" Entry="64395" />

	<!-- Trade: Blacksmithing Tools ( (alphabetical; also see Trade Tools: Multi-purpose) -->
	<Item Name="Blacksmith Hammer" Entry="5956" />

	<!-- Trade: Cooking Tools (alphabetical)-->
	<Item Name="Apron" Entry="86468" />
	<Item Name="Frying Pan" Entry="86559" />
	<Item Name="Rolling Pin" Entry="86558" /> 
	<!-- BoP: <Item Name="Flippable Table" Entry="88801" /> -->
	
	<!-- Trade: Cooking Items (alphabetical) -->
	<Item Name="100 Year Soy Sauce" Entry="74853" />
	<Item Name="Black Pepper" Entry="74661" />
	<Item Name="Bundle of Groceries" Entry="87557" />
	<Item Name="Emperor Salmon" Entry="74859" />
		<Item Name="Empty Emperor Salmon Container" Entry="87680" />
		<Item Name="Sack of Emperor Salmon" Entry="87723" />
	<Item Name="Giant Mantis Shrimp" Entry="74857" />
		<Item Name="Giant Mantis Shrimp" Entry="85857" />
		<Item Name="Empty Giant Mantis Shrimp Container" Entry="87679" />
		<Item Name="Sack of Giant Mantis Shrimp" Entry="87722" />
	<Item Name="Ginseng" Entry="74845" />
	<Item Name="Golden Carp" Entry="74866" />
		<Item Name="Empty Golden Carp Container" Entry="87686" />
		<Item Name="Sack of Golden Carp" Entry="87729" />
	<Item Name="Green Cabbage" Entry="74840" />
		<Item Name="Empty Green Cabbage Container" Entry="87663" />
		<Item Name="Sack of Green Cabbages" Entry="87706" />
	<Item Name="Jade Lungfish" Entry="74856" />
		<Item Name="Empty Jade Lungfish Container" Entry="87678" />
		<Item Name="Sack of Jade Lungfish" Entry="87721" />
	<Item Name="Jade Squash" Entry="74847" />
		<Item Name="Empty Jade Squash Container" Entry="87670" />
		<Item Name="Sack of Jade Squash" Entry="87713" />
	<Item Name="Jewel Danio" Entry="74863" />
		<Item Name="Empty Jewel Danio Container" Entry="87683" />
		<Item Name="Sack of Jewel Danio" Entry="87726" />
	<Item Name="Juicycrunch Carrot" Entry="74841" />
		<Item Name="Empty Juicycrunch Carrot Container" Entry="87664" />
		<Item Name="Sack of Juicycrunch Carrots" Entry="87707" />
	<Item Name="Krasarang Paddlefish" Entry="74865" />
		<Item Name="Empty Krasarang Paddlefish Container" Entry="87685" />
		<Item Name="Sack of Krasarang Paddlefish" Entry="87728" />
	<Item Name="Mogu Pumpkin" Entry="74842" />
		<Item Name="Empty Mogu Pumpkin Container" Entry="87665" />
		<Item Name="Sack of Mogu Pumpkins" Entry="87708" />
	<Item Name="Mushan Ribs" Entry="74834" />
		<Item Name="Empty Mushan Ribs Container" Entry="87659" />
		<Item Name="Sack of Mushan Ribs" Entry="87702" />
	<Item Name="Pink Turnip" Entry="74849" />
		<Item Name="Empty Pink Turnip Container" Entry="87672" />
		<Item Name="Sack of Pink Turnips" Entry="87715" />
	<Item Name="Raw Crab Meat" Entry="74838" />
		<Item Name="Empty Crab Meat Container" Entry="87661" />
		<Item Name="Sack of Raw Crab Meat" Entry="87704" />
	<Item Name="Raw Crocolisk Belly" Entry="75014" />
		<Item Name="Empty Crocolisk Belly Container" Entry="87687" />
		<Item Name="Sack of Crocolisk Belly" Entry="87730" />
	<Item Name="Raw Tiger Steak" Entry="74833" />
		<Item Name="Empty Raw Tiger Steak Container" Entry="87658" />
		<Item Name="Sack of Raw Tiger Steaks" Entry="87701" />
	<Item Name="Raw Turtle Meat" Entry="74837" />
		<Item Name="Empty Raw Turtle Meat Container" Entry="87660" />
		<Item Name="Sack of Raw Turtle Meat" Entry="87703" />
	<Item Name="Red Blossom Leek" Entry="74844" />
		<Item Name="Empty Red Blossom Leek Container" Entry="87667" />
		<Item Name="Sack of Red Blossom Leeks" Entry="87710" />
	<Item Name="Redbelly Mandarin" Entry="74860" />
		<Item Name="Empty Redbelly Mandarin Container" Entry="87681" />
		<Item Name="Sack of Redbelly Mandarin" Entry="87724" />
	<Item Name="Reef Octopus" Entry="74864" />
		<Item Name="Empty  Reef OctopusContainer" Entry="87684" />
		<Item Name="Sack of Reef Octopus" Entry="87727" />
	<Item Name="Rice" Entry="74851" />
	<Item Name="Rice Flour" Entry="74662" />
	<Item Name="Scallions" Entry="87709" />
		<Item Name="Empty Scallions Container" Entry="87666" />
		<Item Name="Sack of Scallions" Entry="74843" />
	<Item Name="Striped Melon" Entry="74848" />
		<Item Name="Empty Striped Melon Container" Entry="87671" />
		<Item Name="Sack of Striped Melons" Entry="87714" />
	<Item Name="Tiger Gourami" Entry="74861" />
		<Item Name="Empty Tiger Gourami Container" Entry="87682" />
		<Item Name="Sack of Tiger Gourami" Entry="87725" />			
	<Item Name="White Turnip" Entry="74850" />
		<Item Name="Empty White Turnip Container" Entry="87673" />
		<Item Name="Sack of White Turnips" Entry="87716" />
	<Item Name="Wildfowl Breast" Entry="74839" />
		<Item Name="Empty Wildfowl Breast Container" Entry="87762" />
		<Item Name="Sack of Wildfowl Breasts" Entry="87705" />
	<Item Name="Witchberries" Entry="74846" />
		<Item Name="Empty Witchberries Container" Entry="87669" />
		<Item Name="Sack of Witchberries" Entry="87712" />
	<Item Name="Viseclaw Meat" Entry="85506" />

	<!-- Trade: Enchanting Tools (alphabetical) -->
	<Item Name="Simple Wood" Entry="4470" />
	<Item Name="Runed Copper Rod" Entry="6218" />

	<!-- Trade: Engineering Tools (alphabetical) -->
	<Item Name="Arclight Spanner" Entry="6219" />
	<Item Name="Gyromatic Micro-Adjustor" Entry="10498" />
	<Item Name="Gnomish Army Knife" Entry="40772" />

	<!-- Trade: Engineering Items (alphabetical) -->
	<Item Name="Delicate Arcanite Converter" Entry="16006" />
	<Item Name="Dimensional Ripper - Area 52" Entry="30542" />
	<Item Name="Dimensional Ripper - Everlook" Entry="18984" />
	<Item Name="Electrified Ether" Entry="67749" />
	<Item Name="Electrostatic Condenser" Entry="67494" />
	<Item Name="Engineer's Ink" Entry="10647" />
	<Item Name="Field Repair Bot 74A" Entry="18232" />
	<Item Name="Field Repair Bot 110G" Entry="34113" />
	<Item Name="Goblin Barbecue" Entry="60858" />
	<Item Name="Goblin Jumper Cables" Entry="7148" />
	<Item Name="Goblin Jumper Cables XL" Entry="18587" />
	<Item Name="Heat-Treated Spinning Lure" Entry="68049" />
	<Item Name="Jeeves" Entry="49040" />
	<Item Name="MOLL-E" Entry="40768" />
	<Item Name="Scrapbot Construction Kit" Entry="40769" />
	<Item Name="Ultrasafe Transporter: Gadgetzan" Entry="18986" />
	<Item Name="Ultrasafe Transporter: Toshley's Station" Entry="30544" />
	<Item Name="Wormhole Generator: Northrend" Entry="48933" />
	<Item Name="Zapthrottle Mote Extractor" Entry="23821" />
	<Item Name="Wormhole Generator: Pandaria" Entry="87215" />
	<Item Name="Blingtron 4000" Entry="87214" />

	<!-- Trade: Fishing Tools (alphabetical) -->
	<!-- BoP: <Item Name="Arcanite Fishing Pole" Entry="19970" /> -->
	<Item Name="Big Iron Fishing Pole" Entry="6367" />
	<!-- BoP: <Item Name="Bone Fishing Pole" Entry="45991" /> -->
	<!-- BoP: <Item Name="Boots of the Bay" Entry="50287" /> -->
	<Item Name="Captain Rumsey's Lager" Entry="34832" />
	<Item Name="Darkwood Fishing Pole" Entry="6366" />
	<!-- BoP: <Item Name="Fishing Chair" Entry="33223" /> -->
	<Item Name="Fishing Pole" Entry="6256" />
	<!-- BoP: <Item Name="High Test Eternium Fishing Line" Entry="19971" /> -->
	<!-- BoP: <Item Name="Jeweled Fishing Pole" Entry="45992" /> -->
	<!-- BoP: <Item Name="Lucky Fishing Hat" Entry="19972" /> -->
	<!-- BoP: <Item Name="Mastercraft Kalu'ak Fishing Pole" Entry="44050" /> -->
	<!-- BoP: <Item Name="Nat's Lucky Fishing Pole" Entry="45858" /> -->
	<!-- BoP: <Item Name="Nat Pagle's Extreme Anglin' Boots" Entry="19969" /> -->
	<!-- BoP: <Item Name="Seth's Graphite Fishing Pole" Entry="25978" /> -->
	<!-- BoP: <Item Name="Spun Truesilver Fishing Line" Entry="34836" /> -->
	<Item Name="Strong Fishing Pole" Entry="6365" />
	<!-- BoP: <Item Name="Underbelly Elixir" Entry="44012" /> -->
	<!-- BoP: <Item Name="Weather-Beaten Fishing Hat" Entry="33820" /> -->
	<!-- BoP: <Item Name="Sharpened Tuskarr Spear" Entry="88535" /> -->
	<!-- BoP: <Item Name="Dragon Fishing Pole" Entry="84661" /> -->
	<!-- BoP: <Item Name="Pandaren Fishing Pole" Entry="84660" /> -->

	<!-- Trade: Herbalist Tools (alphabetical) -->
	<!-- BoP: <Item Name="Forager's Gloves" Entry="86566" /> -->
	<Item Name="Herbalist's Spade" Entry="85663" />

	<!-- Trade: Inscription Tools (alphabetical) -->
	<Item Name="Virtuoso Inking Set" Entry="39505" />
		<Item Name="Light Parchment" Entry="39354" />
		<Item Name="Rough Parchment" Entry="34647" />
	<Item Name="Alabaster Pigment" Entry="39151" />
		<Item Name="Dusky Pigment" Entry="39334" />
		<Item Name="Golden Pigment" Entry="39338" />
		<Item Name="Emerald Pigment" Entry="39339" />
		<Item Name="Violet Pigment" Entry="39340" />
		<Item Name="Silvery Pigment" Entry="39341" />
		<Item Name="Nether Pigment" Entry="39342" />
		<Item Name="Azure Pigment" Entry="39343" />
		<Item Name="Verdant Pigment" Entry="43103" />
		<Item Name="Burnt Pigment" Entry="43104" />
		<Item Name="Indigo Pigment" Entry="43105" />
		<Item Name="Ruby Pigment" Entry="43106" />
		<Item Name="Sapphire Pigment" Entry="43107" />
		<Item Name="Ebon Pigment" Entry="43108" />
		<Item Name="Icy Pigment" Entry="43109" />
		<Item Name="Ashen Pigment" Entry="61979" />
		<Item Name="Shadow Pigment" Entry="79251" />
		<Item Name="Misty Pigment" Entry="79253" />		
	<Item Name="Ivory Ink" Entry="37101" />
		<Item Name="Moonglow Ink" Entry="39469" />
		<Item Name="Hunter's Ink" Entry="43115" />
		<Item Name="Midnight Ink" Entry="39774" />
		<Item Name="Dawnstar Ink" Entry="43117" />
		<Item Name="Lion's Ink" Entry="43116" />
		<Item Name="Jadefire Ink" Entry="43118" />
		<Item Name="Royal Ink" Entry="43119" />
		<Item Name="Celestial Ink" Entry="43120" />
		<Item Name="Fiery Ink" Entry="43121" />
		<Item Name="Ink of the Sky" Entry="43123" />
		<Item Name="Shimmering Ink" Entry="43122" />
		<Item Name="Darkflame Ink" Entry="43125" />
		<Item Name="Ethereal Ink" Entry="43124" />
		<Item Name="Snowfall Ink" Entry="43127" />
		<Item Name="Ink of the Sea" Entry="43126" />
		<Item Name="Blackfallow Ink" Entry="61978" />
		<Item Name="Inferno Ink" Entry="61981" />
		<Item Name="Starlight Ink" Entry="79255" />
		<Item Name="Ink of Dreams" Entry="79254" />
  
	<!-- Trade: Inscription Items (alphabetical) -->
	<Item Name="Tome of the Clear Mind" Entry="79249" />

	<!-- Trade: Jewelcrafting Tools (alphabetical) -->
	<Item Name="Jeweler's Kit" Entry="20815" />

	<!-- Trade: Leatherworking Tools (alphabetical) -->
	<Item Name="Salt Shaker" Entry="15846" />
  
	<!-- Trade: Leatherworking Items (alphabetical) -->
	<Item Name="Lucky Charm" Entry="5373" />

	<!-- Trade: Mining Tools  (also see Trade Tools: Multi-purpose) -->
	<!-- BoP: <Item Name="Brann's Trusty Pick" Entry="20723" /> -->
	<!-- BoP: <Item Name="Cold Iron Pick" Entry="1959" /> -->
	<Item Name="Digmaster 5000" Entry="9465" />
	<Item Name="Kobold Excavation Pick" Entry="778" />
	<Item Name="Mining Pick" Entry="2901" />
	<Item Name="Tunnel Pick" Entry="756" />
	<Item Name="Mist-Piercing Goggles" Entry="87213" />

	<!-- Trade: Mining Items (alphabetical) -->
	<Item Name="Copper Bar" Entry="2840" />
		<Item Name="Tin Bar" Entry="3576" />
		<Item Name="Bronze Bar" Entry="2841" />
		<Item Name="Silver Bar" Entry="2842" />
		<Item Name="Iron Bar" Entry="3575" />
		<Item Name="Gold Bar" Entry="3577" />
		<Item Name="Steel Bar" Entry="3859" />
		<Item Name="Mithril Bar" Entry="3860" />
		<Item Name="Truesilver Bar" Entry="6037" />
		<Item Name="Thorium Bar" Entry="12359" />
		<Item Name="Dark Iron Bar" Entry="11371" />
		<Item Name="Enchanted Thorium Bar" Entry="12655" />
	<Item Name="Fel Iron Bar" Entry="23445" />
		<Item Name="Enchanted Elementium Bar" Entry="17771" />
		<Item Name="Adamantite Bar" Entry="23446" />
		<Item Name="Felsteel Bar" Entry="23448" />
	<Item Name="Cobalt Bar" Entry="36916" />
		<Item Name="Khorium Bar" Entry="23449" />
		<Item Name="Hardened Khorium Bar" Entry="35128" />
		<Item Name="Hardened Adamantite Bar" Entry="23573" />
		<Item Name="Saronite Bar" Entry="36913" />
	<Item Name="Obsidium Bar" Entry="54849" />
		<Item Name="Titanium Bar" Entry="41163" />
		<Item Name="Titansteel Bar" Entry="37663" />
		<Item Name="Elementium Bar" Entry="52186" />
		<Item Name="Hardened Elementium Bar" Entry="53039" />
		<Item Name="Pyrium Bar" Entry="51950" />
	<Item Name="Trillium Bar" Entry="72095" />
		<Item Name="Ghost Iron Bar" Entry="72096" />
		<Item Name="Heavy Ghost Iron Bar" Entry="80432" />

	<!-- Trade: Multi-purpose Tools [Blacksmith/Mining/Skinning] Tools (alphabetical) -->
	<Item Name="Bladed Pickaxe" Entry="40893" />
	<Item Name="Hammer Pick" Entry="40892" />

	<!-- Trade: Skinning Tools (also see Trade Tools: Multi-purpose) -->
	<Item Name="Finkle's Skinner" Entry="12709" />
	<Item Name="Skinning Knife" Entry="7005" />

	<!-- Trade: Tailoring Items (alphabetical) -->
	<!-- Classic -->
	<Item Name="Bolt of Linen Cloth" Entry="2996" />
		<Item Name="Bolt of Woolen Cloth" Entry="2997" />
		<Item Name="Bolt of Silk Cloth" Entry="4305" />
		<Item Name="Bolt of Mageweave" Entry="4339" />
		<Item Name="Bolt of Runecloth" Entry="14048" />
	<Item Name="Bolt of Netherweave" Entry="21840" />
		<Item Name="Bolt of Imbued Netherweave" Entry="21842" />
		<Item Name="Bolt of Soulcloth" Entry="21844" />
	<Item Name="Bolt of Frostweave" Entry="41510" />
		<Item Name="Bolt of Imbued Frostweave" Entry="41511" />
	<Item Name="Bolt of Embersilk Cloth" Entry="53643" />
	<Item Name="Bolt of Windwool Cloth" Entry="82441" />


	<!-- ========== Valuable (farmed) MiniPets (alphabetical) ========== -->
	<Item Name="Azure Whelpling" Entry="34535" />
	<Item Name="Baneling" Entry="90177" />
	<Item Name="Captured Firefly" Entry="29960" />
	<Item Name="Cat Carrier (Black Tabby)" Entry="8491" />
	<Item Name="Cat Carrier (Siamese)" Entry="8490" />
	<Item Name="Cat Carrier (White Kitten)" Entry="8489" />
	<Item Name="Chi-ji Kite" Entry="89368" />
	<Item Name="Cracked Egg" Entry="39883" />
	<Item Name="Dark Whelpling" Entry="10822" />
	<Item Name="Darkmoon Rabbit" Entry="80008" />
	<Item Name="Darting Hatchling" Entry="48112" />
	<Item Name="Deviate Hatchling" Entry="48114" />
	<Item Name="Disgusting Oozeling" Entry="20769" />
	<Item Name="Feral Vermling" Entry="85578" />
	<Item Name="Fishy" Entry="84105" />
	<Item Name="Fox Kit" Entry="90897" />
	<Item Name="Fox Kit" Entry="90898" />
	<Item Name="Hollow Reed" Entry="86563" />
	<Item Name="Hopling" Entry="86562" />
	<Item Name="Imbued Jade Fragment" Entry="86564" />
	<Item Name="Jade Crane Chick" Entry="88148" />
	<Item Name="Jade Owl" Entry="82774" />
	<Item Name="Jade Tentacle" Entry="89686" />
	<Item Name="Leaping Hatchling" Entry="48118" />
	<Item Name="Lucky Quilen Cub" Entry="85871" />
	<Item Name="Mechanical Pandaren Dragonling" Entry="87526" />
	<Item Name="Mysterious Egg" Entry="39878" />
	<Item Name="Pandaren Water Spirit" Entry="90173" />
	<Item Name="Parrot Cage (Green Wing Macaw)" Entry="8492" />
	<Item Name="Parrot Cage (Hyacinth Macaw)" Entry="8494" />
	<Item Name="Porcupette" Entry="89587" />
	<Item Name="Ravasaur Hatchling" Entry="48122" />
	<Item Name="Razormaw Hatchling" Entry="48124" />
	<Item Name="Razzashi Hatchling" Entry="48126" />
	<Item Name="Red Cricket" Entry="85222" />
	<Item Name="Sapphire Cub" Entry="82775" />
	<Item Name="Singing Cricket Cage" Entry="88147" />
	<Item Name="Spectral Tiger Cub" Entry="90953" />
	<Item Name="Terrible Turnip" Entry="85220" />
	<Item Name="Thundering Serpent Hatchling" Entry="85513" />
	<Item Name="Tiny Crimson Whelpling" Entry="8499" />
	<Item Name="Tiny Goldfish" Entry="85447" />
	<Item Name="Venus" Entry="89736" />
	<Item Name="Yu'lon Kite" Entry="89367" />
	
</ProtectedItems>
