﻿<?xml version="1.0" encoding="utf-8"?>
<AutoEquipSettings>
  <EquipPurples>False</EquipPurples>
  <EquipBlues>True</EquipBlues>
  <EquipGreens>True</EquipGreens>
  <EquipWhites>True</EquipWhites>
  <EquipGrays>True</EquipGrays>
  <EquipHeirlooms>True</EquipHeirlooms>
  <EquipBoEGreens>True</EquipBoEGreens>
  <EquipBoEBlues>True</EquipBoEBlues>
  <EquipBoEPurples>False</EquipBoEPurples>
  <IgnoreInvTypes>
    <Entry>None</Entry>
  </IgnoreInvTypes>
  <ProtectedSlots>
    <Entry>None</Entry>
  </ProtectedSlots>
  <ReplaceHeirlooms>False</ReplaceHeirlooms>
  <AutoEquipItems>True</AutoEquipItems>
  <AutoEquipBags>True</AutoEquipBags>
  <IncludeEnchants>False</IncludeEnchants>
  <WeaponStyle>TwoHander</WeaponStyle>
  <WeaponType>Staff</WeaponType>
  <RollForLootInDungeons>True</RollForLootInDungeons>
  <RollForLootDE>True</RollForLootDE>
  <DisenchantBoEGreens>True</DisenchantBoEGreens>
  <DisenchantBoPBlues>True</DisenchantBoPBlues>
  <DisenchantBoEBlues>False</DisenchantBoEBlues>
  <DisenchantBoEPurples>True</DisenchantBoEPurples>
  <DisenchantBoPPurples>False</DisenchantBoPPurples>
</AutoEquipSettings>