﻿<?xml version="1.0" encoding="utf-8"?>
<FlightNodes>
  <Node name="Azure Watch, Azuremyst Isle" continent="530" master="43991" updatelevel="5" x="-4130.08" y="-12520.5" z="44.3305">
    <Connections>
      <Connection name="Lor'danel, Darkshore" />
      <Connection name="Rut'theran Village, Teldrassil" />
      <Connection name="Moonglade" />
      <Connection name="The Exodar" />
      <Connection name="Dolanaar, Teldrassil" />
      <Connection name="Darnassus, Teldrassil" />
      <Connection name="Azure Watch, Azuremyst Isle" />
    </Connections>
  </Node>
  <Node name="Lor'danel, Darkshore" continent="530" x="7459.9" y="-326.56" z="8.09">
    <Connections>
      <Connection name="Azure Watch, Azuremyst Isle" />
      <Connection name="The Exodar" />
      <Connection name="Darnassus, Teldrassil" />
    </Connections>
  </Node>
  <Node name="Rut'theran Village, Teldrassil" continent="530" x="8383.75" y="980.964" z="30.8292">
    <Connections>
      <Connection name="Azure Watch, Azuremyst Isle" />
      <Connection name="The Exodar" />
      <Connection name="Darnassus, Teldrassil" />
    </Connections>
  </Node>
  <Node name="Moonglade" continent="530" x="7458.45" y="-2487.21" z="462.33">
    <Connections>
      <Connection name="Azure Watch, Azuremyst Isle" />
      <Connection name="The Exodar" />
      <Connection name="Darnassus, Teldrassil" />
    </Connections>
  </Node>
  <Node name="The Exodar" continent="530" master="17555" updatelevel="5" x="-3867.56" y="-11641.1" z="-137.664">
    <Connections>
      <Connection name="Azure Watch, Azuremyst Isle" />
      <Connection name="Lor'danel, Darkshore" />
      <Connection name="Rut'theran Village, Teldrassil" />
      <Connection name="Moonglade" />
      <Connection name="The Exodar" />
      <Connection name="Dolanaar, Teldrassil" />
      <Connection name="Darnassus, Teldrassil" />
    </Connections>
  </Node>
  <Node name="Dolanaar, Teldrassil" continent="530" x="9873.1" y="977.698" z="1309.98">
    <Connections>
      <Connection name="Azure Watch, Azuremyst Isle" />
      <Connection name="The Exodar" />
      <Connection name="Darnassus, Teldrassil" />
    </Connections>
  </Node>
  <Node name="Darnassus, Teldrassil" continent="530" master="40552" updatelevel="5" x="9968.8" y="2622.09" z="1316.08">
    <Connections>
      <Connection name="Azure Watch, Azuremyst Isle" />
      <Connection name="The Exodar" />
      <Connection name="Lor'danel, Darkshore" />
      <Connection name="Rut'theran Village, Teldrassil" />
      <Connection name="Moonglade" />
      <Connection name="Dolanaar, Teldrassil" />
      <Connection name="Darnassus, Teldrassil" />
    </Connections>
  </Node>
  <Node name="Goldshire, Elwynn" continent="0" master="42983" updatelevel="15" x="-9433.99" y="85.1493" z="56.734">
    <Connections>
      <Connection name="Stormwind, Elwynn" />
      <Connection name="Ironforge, Dun Morogh" />
      <Connection name="Goldshire, Elwynn" />
      <Connection name="Eastvale Logging Camp, Elwynn" />
      <Connection name="Kharanos, Dun Morogh" />
      <Connection name="Gol'Bolar Quarry, Dun Morogh" />
      <Connection name="Furlbrow's Pumpkin Farm, Westfall" />
      <Connection name="Sentinel Hill, Westfall" />
      <Connection name="Moonbrook, Westfall" />
      <Connection name="Lakeshire, Redridge" />
    </Connections>
  </Node>
  <Node name="Stormwind, Elwynn" continent="0" master="352" updatelevel="12" x="-8841.06" y="489.656" z="109.607">
    <Connections>
      <Connection name="Goldshire, Elwynn" />
      <Connection name="Eastvale Logging Camp, Elwynn" />
      <Connection name="Stormwind, Elwynn" />
      <Connection name="Ironforge, Dun Morogh" />
      <Connection name="Kharanos, Dun Morogh" />
      <Connection name="Gol'Bolar Quarry, Dun Morogh" />
      <Connection name="Furlbrow's Pumpkin Farm, Westfall" />
      <Connection name="Sentinel Hill, Westfall" />
      <Connection name="Moonbrook, Westfall" />
      <Connection name="Lakeshire, Redridge" />
    </Connections>
  </Node>
  <Node name="Ironforge, Dun Morogh" continent="0" x="-4821.78" y="-1155.44" z="502.21">
    <Connections>
      <Connection name="Goldshire, Elwynn" />
      <Connection name="Eastvale Logging Camp, Elwynn" />
      <Connection name="Stormwind, Elwynn" />
      <Connection name="Furlbrow's Pumpkin Farm, Westfall" />
      <Connection name="Sentinel Hill, Westfall" />
      <Connection name="Moonbrook, Westfall" />
      <Connection name="Lakeshire, Redridge" />
    </Connections>
  </Node>
  <Node name="Eastvale Logging Camp, Elwynn" continent="0" master="43000" updatelevel="16" x="-9475.71" y="-1306.74" z="44.1496">
    <Connections>
      <Connection name="Goldshire, Elwynn" />
      <Connection name="Stormwind, Elwynn" />
      <Connection name="Ironforge, Dun Morogh" />
      <Connection name="Eastvale Logging Camp, Elwynn" />
      <Connection name="Kharanos, Dun Morogh" />
      <Connection name="Gol'Bolar Quarry, Dun Morogh" />
      <Connection name="Furlbrow's Pumpkin Farm, Westfall" />
      <Connection name="Sentinel Hill, Westfall" />
      <Connection name="Moonbrook, Westfall" />
      <Connection name="Lakeshire, Redridge" />
    </Connections>
  </Node>
  <Node name="Kharanos, Dun Morogh" continent="0" x="-5660.8" y="-494.851" z="397.008">
    <Connections>
      <Connection name="Goldshire, Elwynn" />
      <Connection name="Eastvale Logging Camp, Elwynn" />
      <Connection name="Stormwind, Elwynn" />
      <Connection name="Furlbrow's Pumpkin Farm, Westfall" />
      <Connection name="Sentinel Hill, Westfall" />
      <Connection name="Moonbrook, Westfall" />
      <Connection name="Lakeshire, Redridge" />
    </Connections>
  </Node>
  <Node name="Gol'Bolar Quarry, Dun Morogh" continent="0" x="-5714.14" y="-1578.64" z="383.204">
    <Connections>
      <Connection name="Goldshire, Elwynn" />
      <Connection name="Eastvale Logging Camp, Elwynn" />
      <Connection name="Stormwind, Elwynn" />
      <Connection name="Furlbrow's Pumpkin Farm, Westfall" />
      <Connection name="Sentinel Hill, Westfall" />
      <Connection name="Moonbrook, Westfall" />
      <Connection name="Lakeshire, Redridge" />
    </Connections>
  </Node>
  <Node name="Furlbrow's Pumpkin Farm, Westfall" continent="0" master="42406" updatelevel="15" x="-9838.51" y="1273.93" z="40.7067">
    <Connections>
      <Connection name="Stormwind, Elwynn" />
      <Connection name="Ironforge, Dun Morogh" />
      <Connection name="Goldshire, Elwynn" />
      <Connection name="Furlbrow's Pumpkin Farm, Westfall" />
      <Connection name="Eastvale Logging Camp, Elwynn" />
      <Connection name="Kharanos, Dun Morogh" />
      <Connection name="Gol'Bolar Quarry, Dun Morogh" />
      <Connection name="Sentinel Hill, Westfall" />
      <Connection name="Moonbrook, Westfall" />
      <Connection name="Lakeshire, Redridge" />
    </Connections>
  </Node>
  <Node name="Sentinel Hill, Westfall" continent="0" master="523" updatelevel="15" x="-10551.9" y="1034.39" z="56.9543">
    <Connections>
      <Connection name="Stormwind, Elwynn" />
      <Connection name="Sentinel Hill, Westfall" />
      <Connection name="Ironforge, Dun Morogh" />
      <Connection name="Goldshire, Elwynn" />
      <Connection name="Furlbrow's Pumpkin Farm, Westfall" />
      <Connection name="Eastvale Logging Camp, Elwynn" />
      <Connection name="Kharanos, Dun Morogh" />
      <Connection name="Gol'Bolar Quarry, Dun Morogh" />
      <Connection name="Moonbrook, Westfall" />
      <Connection name="Lakeshire, Redridge" />
    </Connections>
  </Node>
  <Node name="Moonbrook, Westfall" continent="0" master="42426" updatelevel="16" x="-10876.9" y="1542.88" z="54.5289">
    <Connections>
      <Connection name="Stormwind, Elwynn" />
      <Connection name="Sentinel Hill, Westfall" />
      <Connection name="Ironforge, Dun Morogh" />
      <Connection name="Goldshire, Elwynn" />
      <Connection name="Moonbrook, Westfall" />
      <Connection name="Furlbrow's Pumpkin Farm, Westfall" />
      <Connection name="Eastvale Logging Camp, Elwynn" />
      <Connection name="Kharanos, Dun Morogh" />
      <Connection name="Gol'Bolar Quarry, Dun Morogh" />
      <Connection name="Lakeshire, Redridge" />
    </Connections>
  </Node>
  <Node name="Lakeshire, Redridge" continent="0" master="931" updatelevel="17" x="-9429.1" y="-2231.4" z="68.65">
    <Connections>
      <Connection name="Stormwind, Elwynn" />
      <Connection name="Sentinel Hill, Westfall" />
      <Connection name="Lakeshire, Redridge" />
      <Connection name="Ironforge, Dun Morogh" />
      <Connection name="Goldshire, Elwynn" />
      <Connection name="Moonbrook, Westfall" />
      <Connection name="Furlbrow's Pumpkin Farm, Westfall" />
      <Connection name="Eastvale Logging Camp, Elwynn" />
      <Connection name="Kharanos, Dun Morogh" />
      <Connection name="Gol'Bolar Quarry, Dun Morogh" />
    </Connections>
  </Node>
</FlightNodes>