﻿<?xml version="1.0" encoding="utf-8"?>
<GlobalSettings>
  <UICulture>en-US</UICulture>
  <CombatRoutinesPath>Routines</CombatRoutinesPath>
  <ReloadRoutinesOnFileChange>False</ReloadRoutinesOnFileChange>
  <PluginsPath>Plugins</PluginsPath>
  <ReloadPluginsOnFileChange>False</ReloadPluginsOnFileChange>
  <BotsPath>Bots</BotsPath>
  <ReloadBotsOnFileChange>False</ReloadBotsOnFileChange>
  <QuestBehaviorsPath>Quest Behaviors</QuestBehaviorsPath>
  <Username>2Y8N1V5V5O3F8A2S6T9M</Username>
  <Password></Password>
  <MeshesFolderPath>C:\Users\Kitchen\AppData\Local\HonorbuddyMeshes</MeshesFolderPath>
  <KillBetweenHotspots>True</KillBetweenHotspots>
  <AdvancedSettingsMode>True</AdvancedSettingsMode>
  <!--Whether or not we should log out after the bot has detected inactivity.-->
  <LogoutForInactivity>True</LogoutForInactivity>
  <!--Logs out after X minutes of inactivity.-->
  <LogoutInactivityTimer>10</LogoutInactivityTimer>
  <LogoutInactivityUseForceQuit>False</LogoutInactivityUseForceQuit>
  <ProfileDebuggingMode>False</ProfileDebuggingMode>
  <LogLevel>Normal</LogLevel>
</GlobalSettings>