﻿<?xml version="1.0" encoding="utf-8"?>
<CharacterSettings>
  <FoodAmount>0</FoodAmount>
  <DrinkAmount>0</DrinkAmount>
  <EnabledPlugins>
    <Entry>Anti Drown</Entry>
    <Entry>AutoEquip2</Entry>
    <Entry>DrinkPotions</Entry>
    <Entry>Questhelper - ItemForAura</Entry>
    <Entry>Refreshment Detection</Entry>
    <Entry>Talented2</Entry>
  </EnabledPlugins>
  <RecentProfiles>
    <Entry>[A - Quest] EK 12-58 [Kick] ($Rev: 2604 $)@@!@@C:\Users\Kitchen\Desktop\Honorbuddy 2.5.7346.637\Profiles\Kick's Profiles\Kick's Profiles\1-90 Questing Profile Pack\Classic\[A - Quest] 1-58 [Kick]\[A - Quest] EK 12-58 [Kick].xml</Entry>
    <Entry>[A - Quest] EK 5-12 [Kick] ($Rev: 2624 $)@@!@@C:\Users\Kitchen\Desktop\Honorbuddy 2.5.7346.637\Profiles\Kick's Profiles\Kick's Profiles\1-90 Questing Profile Pack\Classic\[A - Quest] 1-58 [Kick]\[A - Quest] 1-12 [Kick]\[A - Quest] EK 5-12 [Kick].xml</Entry>
    <Entry>[A - Quest] Draenei 1-5 [Kick] ($Rev: 2616 $)@@!@@C:\Users\Kitchen\Desktop\Honorbuddy 2.5.7346.637\Profiles\Kick's Profiles\Kick's Profiles\1-90 Questing Profile Pack\Classic\[A - Quest] 1-58 [Kick]\[A - Quest] 1-12 [Kick]\[A - Quest] Draenei 1-5 [Kick].xml</Entry>
    <Entry>[Creater.Giwin][Alliance][1-60][Grinding]@@!@@C:\Users\Kitchen\Desktop\Honorbuddy 2.5.7346.637\Profiles\Alliance 1-85\[Creater.Giwin][Alliance][1-60][Grinding].xml</Entry>
  </RecentProfiles>
  <!--Allow the bot to Fly whenever possible such as vendoring, questing, and grinding. Also to navigate in water better-->
  <UseNativeFlying>False</UseNativeFlying>
  <!--The last selected index used by the Combobox in the form.-->
  <SelectedBotIndex>10</SelectedBotIndex>
  <!--Allow the bot to use flight paths. (Note: this will also allow the bot to interact with new flightmasters to learn new connections.-->
  <UseFlightPaths>False</UseFlightPaths>
  <FindMountAutomatically>True</FindMountAutomatically>
  <UseRandomMount>False</UseRandomMount>
  <MailRecipient></MailRecipient>
  <FoodName>414</FoodName>
  <DrinkName>1179</DrinkName>
  <MountName></MountName>
  <FlyingMountName></FlyingMountName>
  <LootMobs>True</LootMobs>
  <SkinMobs>False</SkinMobs>
  <NinjaSkin>False</NinjaSkin>
  <LootChests>True</LootChests>
  <HarvestMinerals>False</HarvestMinerals>
  <HarvestHerbs>False</HarvestHerbs>
  <UseMount>False</UseMount>
  <PullDistance>45</PullDistance>
  <LootRadius>45</LootRadius>
  <FindVendorsAutomatically>False</FindVendorsAutomatically>
  <LastUsedPath>C:\Users\Kitchen\Desktop\Honorbuddy 2.5.7346.637\Profiles\Kick's Profiles\Kick's Profiles\1-90 Questing Profile Pack\Classic\[A - Quest] 1-58 [Kick]\[A - Quest] 1-12 [Kick]\[A - Quest] Draenei 1-5 [Kick].xml</LastUsedPath>
  <MountDistance>60</MountDistance>
  <RessAtSpiritHealers>False</RessAtSpiritHealers>
</CharacterSettings>