﻿<?xml version="1.0" encoding="utf-8"?>
<SingularSettings>
  <EnableDebugLogging>False</EnableDebugLogging>
  <EnableDebugLoggingGCD>False</EnableDebugLoggingGCD>
  <EnableDebugLoggingCanCast>False</EnableDebugLoggingCanCast>
  <EnableDebugTrace>False</EnableDebugTrace>
  <FormHeight>337</FormHeight>
  <FormWidth>378</FormWidth>
  <FormTabIndex>0</FormTabIndex>
  <AllowMovement>Auto</AllowMovement>
  <MeleeDismountRange>12</MeleeDismountRange>
  <UseCastWhileMovingBuffs>True</UseCastWhileMovingBuffs>
  <MinHealth>65</MinHealth>
  <MinMana>65</MinMana>
  <PotionHealth>30</PotionHealth>
  <PotionMana>30</PotionMana>
  <UseBandages>False</UseBandages>
  <DisengageAllowed>True</DisengageAllowed>
  <DisengageHealth>70</DisengageHealth>
  <DisengageMobCount>2</DisengageMobCount>
  <KiteAllow>True</KiteAllow>
  <KiteHealth>50</KiteHealth>
  <KiteMobCount>2</KiteMobCount>
  <UseFrameLock>False</UseFrameLock>
  <WaitForResSickness>True</WaitForResSickness>
  <DisableNonCombatBehaviors>False</DisableNonCombatBehaviors>
  <DisableInQuestVehicle>True</DisableInQuestVehicle>
  <DisablePetUsage>False</DisablePetUsage>
  <PetTankAdds>True</PetTankAdds>
  <IgnoreHealTargetsAboveHealth>95</IgnoreHealTargetsAboveHealth>
  <MaxHealTargetRange>75</MaxHealTargetRange>
  <StayNearTank>True</StayNearTank>
  <IncludePetsAsHealTargets>True</IncludePetsAsHealTargets>
  <DispelDebuffs>HighPriority</DispelDebuffs>
  <UseAlchemyFlasks>True</UseAlchemyFlasks>
  <Trinket1Usage>Never</Trinket1Usage>
  <Trinket2Usage>Never</Trinket2Usage>
  <GloveUsage>OnCooldownInCombat</GloveUsage>
  <UseRacials>True</UseRacials>
  <GiftNaaruHP>30</GiftNaaruHP>
  <ShadowmeldThreatDrop>True</ShadowmeldThreatDrop>
  <DisableTankTargetSwitching>False</DisableTankTargetSwitching>
  <EnableTaunting>True</EnableTaunting>
  <TypeOfTargeting>Auto</TypeOfTargeting>
  <PurgeTargets>Current</PurgeTargets>
  <PurgeBuffs>Whitelist</PurgeBuffs>
  <InterruptTarget>All</InterruptTarget>
  <TrivialMaxHealthPcnt>50</TrivialMaxHealthPcnt>
</SingularSettings>